booking_id,hotel_id,user_id,booking_date,check_in_date,check_out_date,num_of_rooms,room_type,price_per_Room,Total_Amount
B_00001,H_003,U_0537,16-06-2024,21-06-2024,27-06-2024,3,Super Deluxe,11348,34044
B_00002,H_297,U_0054,11-04-2024,15-04-2024,21-04-2024,1,Luxury,19656,19656
B_00003,H_298,U_0895,26-02-2024,05-03-2024,07-03-2024,2,Super Deluxe,10083,20166
B_00004,H_086,U_0133,27-02-2024,05-03-2024,14-03-2024,4,Super Deluxe,7094,28376
B_00005,H_177,U_0096,16-07-2024,24-07-2024,25-07-2024,3,Super Deluxe,7954,23862
B_00006,H_274,U_0197,19-06-2023,24-06-2023,27-06-2023,1,Super Deluxe,6658,6658
B_00007,H_104,U_0039,27-07-2024,01-08-2024,11-08-2024,4,Deluxe,2665,10660
B_00008,H_203,U_0829,20-10-2023,30-10-2023,31-10-2023,4,Super Deluxe,8892,35568
B_00009,H_293,U_0240,07-06-2024,13-06-2024,18-06-2024,4,Deluxe,3507,14028
B_00010,H_125,U_0473,25-07-2024,03-08-2024,12-08-2024,4,Deluxe,2818,11272
B_00011,H_195,U_0054,06-02-2024,14-02-2024,23-02-2024,1,Standard,1383,1383
B_00012,H_131,U_0928,07-07-2023,12-07-2023,19-07-2023,1,Deluxe,3848,3848
B_00013,H_152,U_0055,15-06-2024,23-06-2024,27-06-2024,4,Standard,1567,6268
B_00014,H_150,U_0860,24-11-2024,29-11-2024,02-12-2024,1,Super Deluxe,12741,12741
B_00015,H_093,U_0460,28-05-2024,01-06-2024,02-06-2024,3,Deluxe,2613,7839
B_00016,H_257,U_0434,27-04-2023,04-05-2023,08-05-2023,3,Standard,897,2691
B_00017,H_070,U_0469,17-08-2024,21-08-2024,29-08-2024,1,Deluxe,4944,4944
B_00018,H_251,U_0362,13-01-2024,22-01-2024,25-01-2024,1,Super Deluxe,6109,6109
B_00019,H_299,U_0568,07-02-2024,16-02-2024,24-02-2024,1,Luxury,21117,21117
B_00020,H_173,U_0354,19-05-2024,23-05-2024,02-06-2024,3,Deluxe,2182,6546
B_00021,H_196,U_0851,12-07-2023,22-07-2023,25-07-2023,2,Standard,1737,3474
B_00022,H_217,U_0908,04-04-2023,12-04-2023,17-04-2023,4,Luxury,19151,76604
B_00023,H_172,U_0366,06-06-2023,14-06-2023,19-06-2023,1,Super Deluxe,12160,12160
B_00024,H_250,U_0348,03-04-2024,13-04-2024,21-04-2024,3,Super Deluxe,6354,19062
B_00025,H_093,U_0843,24-08-2024,31-08-2024,06-09-2024,1,Standard,1471,1471
B_00026,H_027,U_0735,09-01-2024,14-01-2024,22-01-2024,3,Luxury,15694,47082
B_00027,H_299,U_0446,09-10-2023,12-10-2023,14-10-2023,4,Super Deluxe,13407,53628
B_00028,H_070,U_0147,31-07-2024,03-08-2024,06-08-2024,1,Deluxe,4643,4643
B_00029,H_273,U_0034,03-04-2023,13-04-2023,19-04-2023,3,Luxury,27503,82509
B_00030,H_059,U_0408,14-03-2024,21-03-2024,25-03-2024,1,Standard,1181,1181
B_00031,H_273,U_0121,22-07-2024,29-07-2024,06-08-2024,2,Super Deluxe,13048,26096
B_00032,H_099,U_0463,12-02-2024,22-02-2024,24-02-2024,3,Super Deluxe,6064,18192
B_00033,H_015,U_0872,12-02-2024,17-02-2024,23-02-2024,2,Standard,1211,2422
B_00034,H_150,U_0027,18-06-2023,26-06-2023,04-07-2023,2,Standard,934,1868
B_00035,H_074,U_0539,13-05-2024,22-05-2024,01-06-2024,1,Deluxe,3299,3299
B_00036,H_175,U_0353,29-02-2024,05-03-2024,08-03-2024,4,Standard,1054,4216
B_00037,H_010,U_0331,18-06-2024,26-06-2024,05-07-2024,3,Standard,1313,3939
B_00038,H_023,U_0129,15-12-2023,19-12-2023,28-12-2023,2,Deluxe,2702,5404
B_00039,H_261,U_0346,08-04-2024,11-04-2024,12-04-2024,1,Standard,1981,1981
B_00040,H_210,U_0427,28-07-2023,07-08-2023,16-08-2023,3,Super Deluxe,12913,38739
B_00041,H_289,U_0305,09-11-2024,13-11-2024,14-11-2024,2,Luxury,21810,43620
B_00042,H_018,U_0148,14-11-2024,22-11-2024,28-11-2024,4,Deluxe,3518,14072
B_00043,H_107,U_0478,19-08-2024,26-08-2024,03-09-2024,2,Deluxe,2397,4794
B_00044,H_261,U_0429,20-10-2024,25-10-2024,31-10-2024,3,Deluxe,2653,7959
B_00045,H_023,U_0901,11-08-2024,21-08-2024,22-08-2024,1,Luxury,23282,23282
B_00046,H_090,U_0362,20-11-2024,23-11-2024,28-11-2024,4,Luxury,19682,78728
B_00047,H_096,U_0138,12-11-2023,20-11-2023,27-11-2023,3,Standard,1620,4860
B_00048,H_052,U_0567,06-04-2023,10-04-2023,17-04-2023,4,Super Deluxe,6947,27788
B_00049,H_258,U_0814,27-11-2023,05-12-2023,08-12-2023,2,Luxury,23194,46388
B_00050,H_034,U_0824,10-10-2023,20-10-2023,23-10-2023,2,Super Deluxe,10219,20438
B_00051,H_189,U_0608,25-11-2023,05-12-2023,15-12-2023,3,Luxury,28366,85098
B_00052,H_244,U_0427,16-04-2024,23-04-2024,24-04-2024,4,Super Deluxe,14478,57912
B_00053,H_122,U_0492,18-10-2023,27-10-2023,30-10-2023,2,Standard,1972,3944
B_00054,H_099,U_0452,03-07-2023,12-07-2023,15-07-2023,4,Deluxe,3681,14724
B_00055,H_016,U_0894,04-10-2024,09-10-2024,18-10-2024,2,Super Deluxe,12838,25676
B_00056,H_280,U_0471,05-08-2023,13-08-2023,22-08-2023,3,Super Deluxe,14996,44988
B_00057,H_210,U_0572,03-12-2023,09-12-2023,14-12-2023,3,Deluxe,4828,14484
B_00058,H_298,U_0574,23-09-2023,30-09-2023,02-10-2023,4,Luxury,28409,113636
B_00059,H_213,U_0298,27-05-2023,03-06-2023,05-06-2023,3,Luxury,25748,77244
B_00060,H_136,U_0848,23-08-2024,30-08-2024,08-09-2024,3,Deluxe,2448,7344
B_00061,H_136,U_0052,29-08-2023,04-09-2023,08-09-2023,1,Standard,1646,1646
B_00062,H_119,U_0006,09-04-2024,14-04-2024,21-04-2024,4,Luxury,25659,102636
B_00063,H_052,U_0293,26-08-2024,30-08-2024,09-09-2024,2,Standard,1158,2316
B_00064,H_146,U_0857,24-07-2024,03-08-2024,06-08-2024,3,Standard,818,2454
B_00065,H_161,U_0292,02-12-2023,12-12-2023,15-12-2023,4,Super Deluxe,8160,32640
B_00066,H_136,U_0664,09-02-2024,14-02-2024,15-02-2024,3,Super Deluxe,14303,42909
B_00067,H_238,U_0877,15-06-2023,24-06-2023,03-07-2023,3,Standard,1620,4860
B_00068,H_155,U_0489,10-04-2023,16-04-2023,17-04-2023,3,Luxury,18859,56577
B_00069,H_156,U_0310,11-05-2023,14-05-2023,19-05-2023,3,Deluxe,2255,6765
B_00070,H_098,U_0416,20-04-2024,27-04-2024,29-04-2024,3,Super Deluxe,8619,25857
B_00071,H_214,U_0466,15-04-2024,24-04-2024,03-05-2024,4,Deluxe,3014,12056
B_00072,H_217,U_0539,20-04-2024,28-04-2024,30-04-2024,1,Standard,1921,1921
B_00073,H_081,U_0154,31-08-2023,08-09-2023,17-09-2023,4,Standard,1220,4880
B_00074,H_273,U_0457,11-08-2024,21-08-2024,24-08-2024,4,Luxury,24240,96960
B_00075,H_258,U_0741,10-08-2023,19-08-2023,24-08-2023,1,Deluxe,4369,4369
B_00076,H_010,U_0555,27-05-2023,31-05-2023,08-06-2023,1,Super Deluxe,11699,11699
B_00077,H_131,U_0384,20-04-2024,30-04-2024,07-05-2024,4,Standard,1904,7616
B_00078,H_175,U_0183,28-12-2023,06-01-2024,15-01-2024,2,Deluxe,2015,4030
B_00079,H_132,U_0690,19-05-2023,28-05-2023,06-06-2023,4,Deluxe,3014,12056
B_00080,H_169,U_0960,23-09-2023,26-09-2023,03-10-2023,1,Deluxe,2845,2845
B_00081,H_203,U_0613,20-02-2024,26-02-2024,27-02-2024,4,Luxury,18840,75360
B_00082,H_069,U_0144,06-06-2023,13-06-2023,17-06-2023,3,Super Deluxe,8882,26646
B_00083,H_096,U_0227,09-11-2024,16-11-2024,21-11-2024,1,Deluxe,4565,4565
B_00084,H_182,U_0996,21-06-2024,30-06-2024,09-07-2024,3,Luxury,21689,65067
B_00085,H_034,U_0485,12-11-2024,18-11-2024,23-11-2024,2,Luxury,29988,59976
B_00086,H_244,U_0571,28-08-2024,02-09-2024,09-09-2024,2,Super Deluxe,8332,16664
B_00087,H_294,U_0868,18-08-2023,22-08-2023,31-08-2023,2,Standard,1349,2698
B_00088,H_261,U_0895,05-05-2023,11-05-2023,21-05-2023,2,Luxury,18423,36846
B_00089,H_172,U_0217,23-07-2023,27-07-2023,04-08-2023,2,Deluxe,3625,7250
B_00090,H_081,U_0390,21-09-2024,29-09-2024,04-10-2024,3,Super Deluxe,13402,40206
B_00091,H_081,U_0780,16-12-2023,22-12-2023,28-12-2023,3,Luxury,15750,47250
B_00092,H_194,U_0017,27-07-2024,05-08-2024,10-08-2024,2,Deluxe,3352,6704
B_00093,H_196,U_0512,30-10-2024,07-11-2024,12-11-2024,4,Luxury,22551,90204
B_00094,H_122,U_0144,27-06-2024,07-07-2024,10-07-2024,1,Standard,952,952
B_00095,H_194,U_0423,08-07-2024,14-07-2024,16-07-2024,2,Standard,1247,2494
B_00096,H_132,U_0654,12-10-2024,22-10-2024,23-10-2024,1,Luxury,15195,15195
B_00097,H_161,U_0294,26-05-2023,04-06-2023,07-06-2023,1,Standard,1873,1873
B_00098,H_174,U_0259,02-07-2024,09-07-2024,16-07-2024,1,Super Deluxe,11653,11653
B_00099,H_155,U_0308,02-09-2023,05-09-2023,07-09-2023,4,Luxury,21180,84720
B_00100,H_104,U_0720,05-05-2024,09-05-2024,17-05-2024,4,Super Deluxe,14271,57084
B_00101,H_183,U_0942,11-04-2024,17-04-2024,21-04-2024,4,Super Deluxe,5763,23052
B_00102,H_155,U_0921,29-08-2023,01-09-2023,04-09-2023,3,Standard,1224,3672
B_00103,H_081,U_0952,11-09-2023,18-09-2023,21-09-2023,2,Luxury,26093,52186
B_00104,H_183,U_0810,22-03-2024,30-03-2024,31-03-2024,1,Luxury,18804,18804
B_00105,H_276,U_0978,02-05-2023,10-05-2023,11-05-2023,3,Luxury,23039,69117
B_00106,H_280,U_0443,26-08-2023,04-09-2023,06-09-2023,3,Deluxe,4921,14763
B_00107,H_281,U_0729,18-11-2023,27-11-2023,03-12-2023,3,Standard,987,2961
B_00108,H_281,U_0780,20-10-2024,24-10-2024,27-10-2024,1,Deluxe,3766,3766
B_00109,H_034,U_0106,21-08-2023,25-08-2023,31-08-2023,1,Super Deluxe,11312,11312
B_00110,H_153,U_0743,15-11-2023,21-11-2023,01-12-2023,2,Luxury,17778,35556
B_00111,H_210,U_0150,28-11-2023,03-12-2023,10-12-2023,3,Luxury,19912,59736
B_00112,H_132,U_0967,31-10-2023,10-11-2023,20-11-2023,2,Luxury,16753,33506
B_00113,H_001,U_0341,14-03-2024,22-03-2024,30-03-2024,3,Luxury,28361,85083
B_00114,H_104,U_0140,09-11-2023,17-11-2023,27-11-2023,2,Luxury,20148,40296
B_00115,H_142,U_0299,01-06-2024,07-06-2024,13-06-2024,4,Super Deluxe,11438,45752
B_00116,H_293,U_0607,16-07-2024,21-07-2024,30-07-2024,1,Luxury,26606,26606
B_00117,H_142,U_0839,01-04-2023,11-04-2023,14-04-2023,3,Deluxe,3035,9105
B_00118,H_074,U_0076,26-11-2024,06-12-2024,16-12-2024,4,Luxury,23908,95632
B_00119,H_172,U_0609,28-10-2023,01-11-2023,05-11-2023,3,Deluxe,4651,13953
B_00120,H_161,U_0991,18-04-2024,27-04-2024,29-04-2024,1,Standard,1329,1329
B_00121,H_059,U_0595,29-02-2024,06-03-2024,14-03-2024,3,Luxury,22587,67761
B_00122,H_058,U_0155,20-04-2023,23-04-2023,01-05-2023,1,Super Deluxe,11816,11816
B_00123,H_169,U_0357,10-03-2024,18-03-2024,26-03-2024,2,Luxury,20707,41414
B_00124,H_001,U_0327,03-11-2024,10-11-2024,11-11-2024,1,Standard,1502,1502
B_00125,H_262,U_0953,20-05-2024,25-05-2024,03-06-2024,2,Super Deluxe,14173,28346
B_00126,H_098,U_0645,18-02-2024,23-02-2024,01-03-2024,4,Standard,1204,4816
B_00127,H_125,U_0722,09-07-2023,15-07-2023,20-07-2023,1,Standard,1899,1899
B_00128,H_052,U_0117,22-11-2024,02-12-2024,11-12-2024,3,Luxury,25016,75048
B_00129,H_238,U_0866,23-09-2023,28-09-2023,03-10-2023,1,Deluxe,3283,3283
B_00130,H_117,U_0383,01-12-2023,10-12-2023,17-12-2023,2,Luxury,21932,43864
B_00131,H_074,U_0569,22-05-2023,01-06-2023,06-06-2023,2,Deluxe,3289,6578
B_00132,H_142,U_0975,04-04-2023,14-04-2023,17-04-2023,2,Luxury,24201,48402
B_00133,H_183,U_0426,19-09-2024,29-09-2024,02-10-2024,1,Standard,1251,1251
B_00134,H_177,U_0296,31-03-2024,10-04-2024,20-04-2024,4,Standard,1972,7888
B_00135,H_006,U_0556,16-02-2024,26-02-2024,06-03-2024,2,Luxury,16678,33356
B_00136,H_276,U_0305,06-12-2023,16-12-2023,21-12-2023,3,Standard,1699,5097
B_00137,H_140,U_0215,30-05-2023,08-06-2023,11-06-2023,2,Deluxe,2848,5696
B_00138,H_074,U_0288,24-11-2024,29-11-2024,05-12-2024,3,Super Deluxe,14384,43152
B_00139,H_279,U_0139,09-11-2024,12-11-2024,17-11-2024,2,Deluxe,3023,6046
B_00140,H_001,U_0780,16-07-2024,26-07-2024,29-07-2024,3,Luxury,21147,63441
B_00141,H_172,U_0413,26-05-2023,02-06-2023,08-06-2023,4,Luxury,20363,81452
B_00142,H_203,U_0749,01-04-2024,09-04-2024,11-04-2024,4,Deluxe,3760,15040
B_00143,H_171,U_0849,02-08-2024,10-08-2024,19-08-2024,2,Luxury,27916,55832
B_00144,H_117,U_0048,27-04-2023,07-05-2023,08-05-2023,1,Deluxe,3808,3808
B_00145,H_294,U_0208,16-09-2024,23-09-2024,26-09-2024,3,Standard,1538,4614
B_00146,H_086,U_0054,06-06-2024,13-06-2024,17-06-2024,4,Standard,994,3976
B_00147,H_172,U_0608,27-11-2024,07-12-2024,08-12-2024,1,Super Deluxe,6976,6976
B_00148,H_189,U_0490,03-01-2024,09-01-2024,16-01-2024,1,Standard,1011,1011
B_00149,H_245,U_0392,09-06-2023,14-06-2023,16-06-2023,1,Deluxe,3803,3803
B_00150,H_001,U_0942,10-04-2024,20-04-2024,24-04-2024,1,Standard,1086,1086
B_00151,H_150,U_0360,21-09-2024,29-09-2024,02-10-2024,2,Super Deluxe,6381,12762
B_00152,H_171,U_0292,03-10-2023,10-10-2023,14-10-2023,2,Luxury,19843,39686
B_00153,H_122,U_0507,23-08-2024,27-08-2024,31-08-2024,4,Standard,1881,7524
B_00154,H_298,U_0957,08-08-2023,13-08-2023,20-08-2023,4,Super Deluxe,13952,55808
B_00155,H_001,U_0018,23-05-2024,26-05-2024,31-05-2024,2,Standard,923,1846
B_00156,H_086,U_0644,04-07-2024,13-07-2024,20-07-2024,4,Standard,1898,7592
B_00157,H_140,U_0318,26-12-2023,01-01-2024,04-01-2024,3,Luxury,24609,73827
B_00158,H_099,U_0318,31-05-2023,06-06-2023,07-06-2023,2,Standard,1689,3378
B_00159,H_093,U_0317,26-10-2023,30-10-2023,31-10-2023,2,Standard,1135,2270
B_00160,H_069,U_0802,30-12-2023,04-01-2024,10-01-2024,2,Super Deluxe,6935,13870
B_00161,H_036,U_0279,23-01-2024,27-01-2024,01-02-2024,1,Luxury,22458,22458
B_00162,H_014,U_0171,28-08-2023,02-09-2023,07-09-2023,1,Standard,1267,1267
B_00163,H_070,U_0251,16-10-2023,26-10-2023,01-11-2023,4,Deluxe,2734,10936
B_00164,H_292,U_0823,29-04-2023,05-05-2023,11-05-2023,2,Luxury,26802,53604
B_00165,H_058,U_0382,13-07-2024,16-07-2024,19-07-2024,2,Standard,1621,3242
B_00166,H_131,U_0793,27-05-2023,04-06-2023,06-06-2023,4,Standard,1555,6220
B_00167,H_251,U_0758,07-06-2024,17-06-2024,23-06-2024,4,Deluxe,4239,16956
B_00168,H_107,U_0955,31-12-2023,03-01-2024,07-01-2024,3,Standard,1486,4458
B_00169,H_099,U_0107,30-04-2024,06-05-2024,13-05-2024,4,Standard,1091,4364
B_00170,H_194,U_0919,02-04-2023,11-04-2023,17-04-2023,4,Standard,1989,7956
B_00171,H_295,U_0077,24-12-2023,27-12-2023,03-01-2024,2,Deluxe,3195,6390
B_00172,H_175,U_0718,25-12-2023,02-01-2024,10-01-2024,3,Deluxe,2306,6918
B_00173,H_266,U_0112,28-05-2024,01-06-2024,04-06-2024,4,Luxury,20146,80584
B_00174,H_259,U_0463,28-10-2024,07-11-2024,12-11-2024,1,Standard,1122,1122
B_00175,H_189,U_0042,01-06-2023,09-06-2023,12-06-2023,1,Deluxe,3458,3458
B_00176,H_175,U_0267,18-10-2024,21-10-2024,28-10-2024,4,Deluxe,2388,9552
B_00177,H_281,U_0125,24-10-2024,27-10-2024,31-10-2024,2,Deluxe,3641,7282
B_00178,H_169,U_0597,14-06-2023,18-06-2023,19-06-2023,1,Deluxe,4646,4646
B_00179,H_117,U_0126,06-12-2023,16-12-2023,17-12-2023,2,Luxury,28463,56926
B_00180,H_193,U_0700,16-03-2024,21-03-2024,27-03-2024,2,Deluxe,3127,6254
B_00181,H_231,U_0629,20-10-2023,27-10-2023,04-11-2023,4,Luxury,16000,64000
B_00182,H_023,U_0205,28-10-2023,03-11-2023,12-11-2023,1,Luxury,27811,27811
B_00183,H_104,U_0353,09-10-2024,17-10-2024,24-10-2024,3,Deluxe,2107,6321
B_00184,H_136,U_0060,24-07-2024,01-08-2024,11-08-2024,2,Deluxe,2411,4822
B_00185,H_073,U_0836,30-01-2024,05-02-2024,15-02-2024,4,Super Deluxe,7847,31388
B_00186,H_132,U_0936,01-09-2024,09-09-2024,19-09-2024,2,Deluxe,4017,8034
B_00187,H_250,U_0093,10-01-2024,16-01-2024,26-01-2024,2,Standard,1878,3756
B_00188,H_081,U_0207,11-10-2023,19-10-2023,22-10-2023,3,Standard,844,2532
B_00189,H_200,U_0793,11-07-2024,19-07-2024,21-07-2024,3,Luxury,24602,73806
B_00190,H_146,U_1000,30-08-2024,08-09-2024,16-09-2024,3,Deluxe,4897,14691
B_00191,H_153,U_0806,30-06-2023,06-07-2023,16-07-2023,2,Luxury,20027,40054
B_00192,H_131,U_0747,04-02-2024,13-02-2024,23-02-2024,1,Deluxe,4468,4468
B_00193,H_171,U_0227,07-05-2023,11-05-2023,19-05-2023,2,Super Deluxe,6275,12550
B_00194,H_294,U_0652,15-08-2024,23-08-2024,31-08-2024,1,Super Deluxe,8436,8436
B_00195,H_216,U_0806,17-04-2024,20-04-2024,21-04-2024,4,Luxury,27003,108012
B_00196,H_298,U_0505,02-04-2024,10-04-2024,19-04-2024,4,Standard,1781,7124
B_00197,H_298,U_0167,03-04-2023,07-04-2023,08-04-2023,3,Standard,1452,4356
B_00198,H_203,U_0175,10-05-2023,15-05-2023,17-05-2023,1,Super Deluxe,14733,14733
B_00199,H_081,U_0442,08-11-2023,17-11-2023,20-11-2023,1,Standard,1478,1478
B_00200,H_244,U_0740,09-04-2023,16-04-2023,21-04-2023,3,Deluxe,2393,7179
B_00201,H_210,U_0158,30-06-2024,08-07-2024,09-07-2024,4,Standard,1403,5612
B_00202,H_023,U_0205,08-10-2023,11-10-2023,15-10-2023,2,Super Deluxe,6343,12686
B_00203,H_189,U_0483,10-04-2023,17-04-2023,19-04-2023,4,Deluxe,3520,14080
B_00204,H_280,U_0046,08-10-2024,18-10-2024,26-10-2024,3,Deluxe,3101,9303
B_00205,H_020,U_0088,28-11-2023,07-12-2023,17-12-2023,2,Standard,1592,3184
B_00206,H_023,U_0704,04-12-2023,10-12-2023,18-12-2023,3,Standard,1608,4824
B_00207,H_258,U_0585,29-11-2023,04-12-2023,06-12-2023,4,Deluxe,2685,10740
B_00208,H_216,U_0044,01-07-2023,05-07-2023,12-07-2023,2,Deluxe,4438,8876
B_00209,H_200,U_0090,24-05-2024,02-06-2024,11-06-2024,3,Super Deluxe,13515,40545
B_00210,H_177,U_0602,01-11-2023,10-11-2023,12-11-2023,4,Deluxe,2608,10432
B_00211,H_214,U_0948,15-04-2023,19-04-2023,24-04-2023,3,Luxury,19328,57984
B_00212,H_213,U_0485,12-11-2024,17-11-2024,22-11-2024,4,Deluxe,4533,18132
B_00213,H_107,U_0406,11-10-2023,17-10-2023,18-10-2023,4,Super Deluxe,11103,44412
B_00214,H_034,U_0319,13-07-2024,23-07-2024,25-07-2024,2,Deluxe,3231,6462
B_00215,H_142,U_0276,04-10-2024,08-10-2024,12-10-2024,4,Deluxe,3668,14672
B_00216,H_015,U_0841,29-05-2024,03-06-2024,05-06-2024,3,Luxury,17223,51669
B_00217,H_273,U_0030,26-07-2023,01-08-2023,05-08-2023,1,Deluxe,2136,2136
B_00218,H_018,U_0281,17-08-2023,27-08-2023,05-09-2023,4,Standard,862,3448
B_00219,H_073,U_0182,03-06-2023,11-06-2023,17-06-2023,2,Super Deluxe,6481,12962
B_00220,H_250,U_0875,24-05-2024,30-05-2024,03-06-2024,2,Deluxe,3103,6206
B_00221,H_245,U_0486,19-04-2023,24-04-2023,04-05-2023,1,Deluxe,3034,3034
B_00222,H_140,U_0434,10-09-2024,18-09-2024,26-09-2024,3,Deluxe,3912,11736
B_00223,H_228,U_0407,10-09-2023,14-09-2023,15-09-2023,3,Super Deluxe,9891,29673
B_00224,H_196,U_0284,01-07-2024,08-07-2024,13-07-2024,3,Deluxe,2615,7845
B_00225,H_294,U_0825,23-01-2024,31-01-2024,03-02-2024,1,Luxury,19844,19844
B_00226,H_132,U_0755,31-01-2024,06-02-2024,12-02-2024,2,Luxury,29853,59706
B_00227,H_107,U_0866,18-11-2024,23-11-2024,28-11-2024,1,Luxury,17097,17097
B_00228,H_091,U_0782,03-08-2023,11-08-2023,13-08-2023,2,Super Deluxe,8660,17320
B_00229,H_048,U_0381,16-11-2024,23-11-2024,01-12-2024,1,Luxury,15880,15880
B_00230,H_015,U_0073,25-10-2024,31-10-2024,09-11-2024,1,Luxury,23681,23681
B_00231,H_146,U_0141,20-10-2024,28-10-2024,04-11-2024,4,Deluxe,3296,13184
B_00232,H_070,U_0500,01-05-2023,06-05-2023,12-05-2023,1,Standard,1725,1725
B_00233,H_298,U_0591,03-10-2023,13-10-2023,15-10-2023,2,Luxury,25380,50760
B_00234,H_261,U_0393,04-05-2024,07-05-2024,16-05-2024,2,Super Deluxe,5231,10462
B_00235,H_203,U_0196,14-01-2024,17-01-2024,21-01-2024,2,Super Deluxe,10114,20228
B_00236,H_119,U_0314,27-05-2024,31-05-2024,01-06-2024,3,Super Deluxe,12470,37410
B_00237,H_196,U_0445,04-06-2024,12-06-2024,20-06-2024,3,Deluxe,2676,8028
B_00238,H_258,U_0020,05-02-2024,11-02-2024,14-02-2024,2,Standard,1833,3666
B_00239,H_086,U_0385,13-09-2024,16-09-2024,26-09-2024,1,Standard,840,840
B_00240,H_194,U_0390,03-11-2023,10-11-2023,18-11-2023,2,Deluxe,4848,9696
B_00241,H_250,U_0678,01-08-2024,08-08-2024,18-08-2024,2,Luxury,28610,57220
B_00242,H_178,U_0121,20-09-2024,24-09-2024,26-09-2024,4,Deluxe,4495,17980
B_00243,H_228,U_0997,29-10-2024,06-11-2024,13-11-2024,3,Deluxe,2162,6486
B_00244,H_261,U_0339,17-04-2023,20-04-2023,21-04-2023,1,Standard,1975,1975
B_00245,H_178,U_0799,25-08-2024,29-08-2024,31-08-2024,3,Deluxe,3871,11613
B_00246,H_020,U_0052,11-03-2024,16-03-2024,17-03-2024,3,Super Deluxe,10124,30372
B_00247,H_018,U_0010,19-05-2024,24-05-2024,30-05-2024,3,Luxury,25188,75564
B_00248,H_189,U_0835,24-05-2024,29-05-2024,31-05-2024,4,Luxury,22480,89920
B_00249,H_155,U_0820,10-04-2023,15-04-2023,17-04-2023,2,Standard,1126,2252
B_00250,H_059,U_0822,27-07-2023,06-08-2023,09-08-2023,4,Super Deluxe,5473,21892
B_00251,H_257,U_0495,30-01-2024,03-02-2024,10-02-2024,4,Standard,929,3716
B_00252,H_203,U_0786,06-12-2023,12-12-2023,18-12-2023,1,Luxury,25842,25842
B_00253,H_098,U_0153,01-08-2023,04-08-2023,05-08-2023,2,Luxury,28958,57916
B_00254,H_298,U_0329,16-07-2024,24-07-2024,29-07-2024,1,Deluxe,4255,4255
B_00255,H_189,U_0081,24-09-2024,04-10-2024,14-10-2024,4,Standard,1820,7280
B_00256,H_272,U_0764,19-12-2023,23-12-2023,30-12-2023,4,Standard,1941,7764
B_00257,H_264,U_0987,10-06-2023,16-06-2023,24-06-2023,3,Super Deluxe,5890,17670
B_00258,H_161,U_0574,22-01-2024,30-01-2024,07-02-2024,1,Standard,1254,1254
B_00259,H_189,U_0561,06-11-2023,14-11-2023,16-11-2023,1,Deluxe,4017,4017
B_00260,H_171,U_0110,19-09-2024,25-09-2024,29-09-2024,1,Luxury,18533,18533
B_00261,H_090,U_0111,05-03-2024,08-03-2024,18-03-2024,1,Luxury,22494,22494
B_00262,H_177,U_0987,02-10-2024,05-10-2024,14-10-2024,1,Luxury,28744,28744
B_00263,H_266,U_0709,10-07-2024,15-07-2024,18-07-2024,1,Luxury,25773,25773
B_00264,H_069,U_0903,08-09-2023,17-09-2023,27-09-2023,2,Super Deluxe,11519,23038
B_00265,H_188,U_0825,06-09-2023,11-09-2023,18-09-2023,3,Super Deluxe,14070,42210
B_00266,H_136,U_0732,13-10-2024,21-10-2024,24-10-2024,2,Super Deluxe,6891,13782
B_00267,H_272,U_0585,01-10-2023,08-10-2023,15-10-2023,1,Standard,851,851
B_00268,H_216,U_0205,23-12-2023,28-12-2023,02-01-2024,3,Deluxe,2255,6765
B_00269,H_194,U_0034,11-10-2024,21-10-2024,23-10-2024,2,Luxury,18893,37786
B_00270,H_142,U_0710,19-02-2024,28-02-2024,06-03-2024,4,Super Deluxe,14047,56188
B_00271,H_274,U_0636,12-07-2023,18-07-2023,24-07-2023,2,Deluxe,3205,6410
B_00272,H_153,U_0192,03-09-2023,07-09-2023,14-09-2023,1,Luxury,19573,19573
B_00273,H_069,U_0867,14-05-2023,17-05-2023,23-05-2023,4,Deluxe,2164,8656
B_00274,H_238,U_0793,26-08-2023,05-09-2023,15-09-2023,3,Standard,1450,4350
B_00275,H_228,U_0070,13-07-2024,18-07-2024,25-07-2024,4,Standard,1515,6060
B_00276,H_228,U_0340,29-03-2024,05-04-2024,09-04-2024,4,Standard,1034,4136
B_00277,H_210,U_0941,20-11-2023,23-11-2023,29-11-2023,4,Standard,1590,6360
B_00278,H_070,U_0934,22-10-2023,30-10-2023,08-11-2023,4,Luxury,15719,62876
B_00279,H_287,U_0527,17-04-2023,21-04-2023,24-04-2023,1,Standard,1231,1231
B_00280,H_262,U_0856,25-04-2024,01-05-2024,10-05-2024,4,Standard,1114,4456
B_00281,H_034,U_0090,28-04-2024,01-05-2024,04-05-2024,3,Standard,1977,5931
B_00282,H_194,U_0398,12-05-2023,21-05-2023,28-05-2023,3,Standard,1597,4791
B_00283,H_150,U_0065,12-11-2024,15-11-2024,17-11-2024,3,Standard,1393,4179
B_00284,H_273,U_0289,18-11-2024,27-11-2024,04-12-2024,1,Luxury,17562,17562
B_00285,H_010,U_0816,01-03-2024,08-03-2024,11-03-2024,3,Super Deluxe,5183,15549
B_00286,H_036,U_0043,13-04-2024,22-04-2024,01-05-2024,1,Super Deluxe,8442,8442
B_00287,H_132,U_0217,04-05-2023,09-05-2023,12-05-2023,2,Deluxe,4527,9054
B_00288,H_245,U_0688,27-04-2024,30-04-2024,09-05-2024,4,Standard,1395,5580
B_00289,H_193,U_0744,11-10-2024,21-10-2024,27-10-2024,3,Deluxe,4750,14250
B_00290,H_090,U_0072,14-07-2024,22-07-2024,30-07-2024,4,Super Deluxe,10009,40036
B_00291,H_196,U_0374,07-06-2024,16-06-2024,19-06-2024,1,Super Deluxe,9034,9034
B_00292,H_146,U_0284,10-04-2024,15-04-2024,21-04-2024,4,Luxury,22297,89188
B_00293,H_276,U_0112,04-05-2023,08-05-2023,13-05-2023,2,Deluxe,3079,6158
B_00294,H_131,U_0914,07-07-2024,10-07-2024,20-07-2024,4,Deluxe,2151,8604
B_00295,H_078,U_0484,09-08-2023,17-08-2023,24-08-2023,2,Super Deluxe,7194,14388
B_00296,H_298,U_0373,02-05-2023,05-05-2023,09-05-2023,2,Deluxe,3828,7656
B_00297,H_161,U_0676,09-09-2024,19-09-2024,25-09-2024,1,Deluxe,3998,3998
B_00298,H_034,U_0044,07-10-2024,15-10-2024,22-10-2024,4,Luxury,29444,117776
B_00299,H_138,U_0106,01-07-2023,08-07-2023,13-07-2023,2,Luxury,25710,51420
B_00300,H_156,U_0530,09-07-2024,18-07-2024,22-07-2024,4,Super Deluxe,10654,42616
B_00301,H_213,U_0007,25-09-2024,30-09-2024,08-10-2024,2,Deluxe,2316,4632
B_00302,H_171,U_0192,21-07-2024,29-07-2024,08-08-2024,1,Deluxe,3699,3699
B_00303,H_037,U_0692,11-06-2023,21-06-2023,25-06-2023,2,Luxury,15368,30736
B_00304,H_074,U_0165,25-05-2024,28-05-2024,07-06-2024,2,Standard,1140,2280
B_00305,H_280,U_0614,13-10-2024,16-10-2024,21-10-2024,1,Deluxe,3840,3840
B_00306,H_150,U_0175,20-09-2024,29-09-2024,09-10-2024,2,Deluxe,4553,9106
B_00307,H_273,U_0945,01-08-2024,05-08-2024,09-08-2024,4,Luxury,17167,68668
B_00308,H_264,U_0701,06-11-2023,11-11-2023,21-11-2023,1,Deluxe,3950,3950
B_00309,H_273,U_0516,20-09-2023,24-09-2023,02-10-2023,2,Standard,1683,3366
B_00310,H_010,U_0715,01-06-2023,10-06-2023,14-06-2023,4,Luxury,20743,82972
B_00311,H_119,U_0101,11-06-2023,16-06-2023,21-06-2023,4,Deluxe,2344,9376
B_00312,H_139,U_0264,03-09-2023,06-09-2023,07-09-2023,1,Standard,1568,1568
B_00313,H_117,U_0419,10-09-2024,14-09-2024,17-09-2024,4,Super Deluxe,9282,37128
B_00314,H_003,U_0627,22-07-2023,31-07-2023,04-08-2023,4,Luxury,17929,71716
B_00315,H_146,U_0315,28-01-2024,05-02-2024,12-02-2024,2,Standard,1270,2540
B_00316,H_140,U_0103,20-01-2024,29-01-2024,04-02-2024,1,Deluxe,3594,3594
B_00317,H_067,U_0844,17-06-2023,27-06-2023,07-07-2023,4,Standard,931,3724
B_00318,H_245,U_0039,14-06-2023,23-06-2023,03-07-2023,3,Standard,1158,3474
B_00319,H_171,U_0871,17-12-2023,24-12-2023,28-12-2023,1,Deluxe,4520,4520
B_00320,H_155,U_0671,22-05-2024,27-05-2024,29-05-2024,3,Luxury,20786,62358
B_00321,H_175,U_0531,01-11-2023,05-11-2023,07-11-2023,3,Super Deluxe,10694,32082
B_00322,H_048,U_0987,03-06-2024,13-06-2024,20-06-2024,1,Super Deluxe,7868,7868
B_00323,H_090,U_0516,19-12-2023,27-12-2023,29-12-2023,3,Super Deluxe,12255,36765
B_00324,H_189,U_0776,09-06-2024,19-06-2024,27-06-2024,1,Luxury,16905,16905
B_00325,H_295,U_0694,07-05-2023,15-05-2023,22-05-2023,3,Standard,1339,4017
B_00326,H_177,U_0078,23-12-2023,28-12-2023,05-01-2024,3,Super Deluxe,8581,25743
B_00327,H_132,U_0511,05-08-2023,11-08-2023,15-08-2023,3,Deluxe,2939,8817
B_00328,H_196,U_0365,05-02-2024,09-02-2024,11-02-2024,1,Luxury,25057,25057
B_00329,H_104,U_0869,05-10-2023,13-10-2023,23-10-2023,3,Luxury,29715,89145
B_00330,H_069,U_0503,23-08-2023,30-08-2023,06-09-2023,2,Deluxe,2222,4444
B_00331,H_069,U_0034,24-08-2024,01-09-2024,08-09-2024,2,Luxury,16973,33946
B_00332,H_274,U_0013,02-07-2023,11-07-2023,21-07-2023,1,Super Deluxe,10925,10925
B_00333,H_194,U_0270,26-06-2023,03-07-2023,11-07-2023,3,Super Deluxe,8014,24042
B_00334,H_070,U_0374,05-07-2024,12-07-2024,20-07-2024,2,Deluxe,4359,8718
B_00335,H_177,U_0824,22-08-2024,31-08-2024,07-09-2024,2,Deluxe,2613,5226
B_00336,H_131,U_0512,08-02-2024,16-02-2024,24-02-2024,3,Super Deluxe,14211,42633
B_00337,H_228,U_0708,26-04-2023,29-04-2023,03-05-2023,3,Luxury,28746,86238
B_00338,H_161,U_0267,16-11-2023,24-11-2023,03-12-2023,3,Super Deluxe,5325,15975
B_00339,H_090,U_0204,19-03-2024,24-03-2024,29-03-2024,3,Super Deluxe,13364,40092
B_00340,H_155,U_0391,13-09-2024,23-09-2024,26-09-2024,2,Super Deluxe,11912,23824
B_00341,H_070,U_0082,04-09-2024,12-09-2024,16-09-2024,3,Super Deluxe,9774,29322
B_00342,H_125,U_0278,02-08-2023,10-08-2023,20-08-2023,4,Luxury,17742,70968
B_00343,H_155,U_0678,23-07-2023,27-07-2023,31-07-2023,2,Luxury,16688,33376
B_00344,H_203,U_0562,15-04-2023,18-04-2023,25-04-2023,1,Standard,1337,1337
B_00345,H_086,U_0317,30-11-2023,06-12-2023,11-12-2023,4,Deluxe,2538,10152
B_00346,H_015,U_0680,23-09-2023,01-10-2023,09-10-2023,4,Super Deluxe,13988,55952
B_00347,H_244,U_0182,10-07-2024,19-07-2024,28-07-2024,3,Super Deluxe,12892,38676
B_00348,H_020,U_0316,31-03-2024,09-04-2024,14-04-2024,2,Super Deluxe,5173,10346
B_00349,H_297,U_0353,08-09-2024,18-09-2024,27-09-2024,1,Luxury,27378,27378
B_00350,H_262,U_0818,06-04-2023,12-04-2023,13-04-2023,3,Deluxe,3687,11061
B_00351,H_016,U_0168,04-04-2024,13-04-2024,17-04-2024,3,Standard,1664,4992
B_00352,H_101,U_0827,05-04-2024,12-04-2024,21-04-2024,3,Luxury,18081,54243
B_00353,H_171,U_0114,29-10-2023,08-11-2023,13-11-2023,4,Deluxe,3314,13256
B_00354,H_264,U_0023,08-01-2024,12-01-2024,17-01-2024,3,Deluxe,4930,14790
B_00355,H_231,U_0155,04-10-2024,14-10-2024,18-10-2024,3,Luxury,20105,60315
B_00356,H_196,U_0475,03-11-2023,11-11-2023,13-11-2023,2,Standard,1345,2690
B_00357,H_182,U_0186,17-11-2023,24-11-2023,01-12-2023,1,Standard,1309,1309
B_00358,H_169,U_0756,08-04-2024,14-04-2024,22-04-2024,1,Deluxe,3937,3937
B_00359,H_213,U_0163,16-10-2024,20-10-2024,25-10-2024,4,Super Deluxe,8256,33024
B_00360,H_259,U_0997,24-09-2024,30-09-2024,07-10-2024,3,Standard,1142,3426
B_00361,H_081,U_0809,15-05-2023,18-05-2023,19-05-2023,4,Deluxe,3522,14088
B_00362,H_132,U_0094,18-05-2024,21-05-2024,22-05-2024,3,Deluxe,4873,14619
B_00363,H_052,U_0239,09-09-2024,17-09-2024,25-09-2024,2,Standard,1573,3146
B_00364,H_266,U_0497,09-09-2024,16-09-2024,25-09-2024,4,Deluxe,4322,17288
B_00365,H_020,U_0282,21-11-2024,26-11-2024,28-11-2024,2,Luxury,19845,39690
B_00366,H_196,U_0001,16-07-2023,25-07-2023,28-07-2023,1,Super Deluxe,8913,8913
B_00367,H_067,U_0839,10-08-2024,16-08-2024,25-08-2024,4,Deluxe,4512,18048
B_00368,H_280,U_0114,31-08-2023,04-09-2023,05-09-2023,2,Deluxe,2129,4258
B_00369,H_122,U_0033,02-06-2023,11-06-2023,19-06-2023,3,Standard,1550,4650
B_00370,H_069,U_0953,10-03-2024,20-03-2024,22-03-2024,4,Standard,1539,6156
B_00371,H_264,U_0842,04-11-2024,07-11-2024,17-11-2024,3,Standard,944,2832
B_00372,H_294,U_0984,20-05-2023,24-05-2023,26-05-2023,2,Luxury,18105,36210
B_00373,H_214,U_0641,11-11-2023,20-11-2023,22-11-2023,3,Luxury,26511,79533
B_00374,H_132,U_0812,29-01-2024,07-02-2024,16-02-2024,3,Deluxe,4187,12561
B_00375,H_145,U_0925,31-10-2024,08-11-2024,14-11-2024,4,Luxury,28536,114144
B_00376,H_070,U_0559,28-05-2023,06-06-2023,15-06-2023,3,Super Deluxe,12413,37239
B_00377,H_177,U_0292,23-07-2024,28-07-2024,02-08-2024,1,Super Deluxe,8636,8636
B_00378,H_231,U_0942,18-06-2024,23-06-2024,25-06-2024,1,Luxury,20828,20828
B_00379,H_048,U_0256,20-12-2023,27-12-2023,01-01-2024,1,Luxury,24324,24324
B_00380,H_020,U_0812,18-10-2024,23-10-2024,31-10-2024,1,Super Deluxe,5613,5613
B_00381,H_139,U_0799,07-10-2023,15-10-2023,21-10-2023,4,Luxury,29219,116876
B_00382,H_081,U_0951,21-06-2024,30-06-2024,01-07-2024,3,Standard,1453,4359
B_00383,H_001,U_0715,29-10-2023,03-11-2023,04-11-2023,4,Luxury,27335,109340
B_00384,H_163,U_0443,22-02-2024,02-03-2024,05-03-2024,2,Super Deluxe,6353,12706
B_00385,H_168,U_0409,12-04-2024,16-04-2024,23-04-2024,4,Deluxe,2553,10212
B_00386,H_037,U_0668,26-01-2024,01-02-2024,10-02-2024,2,Deluxe,2294,4588
B_00387,H_251,U_0092,12-02-2024,21-02-2024,28-02-2024,3,Super Deluxe,8121,24363
B_00388,H_257,U_0789,12-07-2023,17-07-2023,23-07-2023,4,Deluxe,3805,15220
B_00389,H_274,U_0702,11-02-2024,16-02-2024,18-02-2024,1,Standard,1297,1297
B_00390,H_132,U_0015,18-08-2023,22-08-2023,27-08-2023,4,Luxury,15373,61492
B_00391,H_052,U_0209,10-10-2023,17-10-2023,26-10-2023,4,Deluxe,4848,19392
B_00392,H_090,U_0928,10-12-2023,13-12-2023,18-12-2023,2,Standard,1381,2762
B_00393,H_099,U_0055,28-09-2024,01-10-2024,03-10-2024,4,Super Deluxe,10902,43608
B_00394,H_266,U_0237,10-11-2024,14-11-2024,20-11-2024,4,Standard,1181,4724
B_00395,H_279,U_0949,21-06-2024,24-06-2024,28-06-2024,3,Super Deluxe,13028,39084
B_00396,H_238,U_0701,17-01-2024,25-01-2024,30-01-2024,2,Super Deluxe,6016,12032
B_00397,H_280,U_0967,03-04-2023,10-04-2023,14-04-2023,2,Super Deluxe,11437,22874
B_00398,H_177,U_0534,08-01-2024,17-01-2024,21-01-2024,2,Luxury,20119,40238
B_00399,H_287,U_0135,28-09-2023,03-10-2023,13-10-2023,2,Deluxe,3266,6532
B_00400,H_216,U_0441,11-04-2023,16-04-2023,22-04-2023,1,Standard,1177,1177
B_00401,H_140,U_0784,17-07-2023,26-07-2023,02-08-2023,3,Luxury,27217,81651
B_00402,H_069,U_0156,02-11-2024,06-11-2024,09-11-2024,2,Standard,1346,2692
B_00403,H_237,U_0238,24-01-2024,27-01-2024,02-02-2024,1,Luxury,17197,17197
B_00404,H_273,U_0189,28-05-2023,07-06-2023,15-06-2023,2,Deluxe,2792,5584
B_00405,H_228,U_0948,26-10-2024,04-11-2024,08-11-2024,2,Deluxe,2271,4542
B_00406,H_169,U_0888,20-05-2024,28-05-2024,05-06-2024,2,Luxury,21634,43268
B_00407,H_214,U_0738,20-11-2023,29-11-2023,09-12-2023,1,Standard,1724,1724
B_00408,H_012,U_0532,13-04-2023,22-04-2023,23-04-2023,4,Standard,1188,4752
B_00409,H_012,U_0793,10-07-2023,20-07-2023,23-07-2023,4,Super Deluxe,5894,23576
B_00410,H_245,U_0850,16-01-2024,20-01-2024,29-01-2024,1,Deluxe,4398,4398
B_00411,H_155,U_0403,12-04-2024,20-04-2024,28-04-2024,1,Deluxe,3859,3859
B_00412,H_052,U_0904,05-06-2024,09-06-2024,14-06-2024,3,Deluxe,4943,14829
B_00413,H_163,U_0650,14-03-2024,18-03-2024,27-03-2024,4,Deluxe,3552,14208
B_00414,H_074,U_0935,05-04-2023,10-04-2023,13-04-2023,2,Deluxe,4917,9834
B_00415,H_228,U_0296,15-09-2023,19-09-2023,22-09-2023,2,Standard,1318,2636
B_00416,H_020,U_0557,27-01-2024,06-02-2024,10-02-2024,2,Luxury,22435,44870
B_00417,H_161,U_0007,06-05-2024,13-05-2024,23-05-2024,2,Standard,1178,2356
B_00418,H_140,U_0149,06-02-2024,13-02-2024,19-02-2024,1,Standard,1023,1023
B_00419,H_142,U_0626,08-05-2023,13-05-2023,21-05-2023,3,Standard,990,2970
B_00420,H_132,U_0840,13-12-2023,22-12-2023,31-12-2023,1,Super Deluxe,12714,12714
B_00421,H_155,U_0338,11-05-2023,20-05-2023,29-05-2023,2,Deluxe,4507,9014
B_00422,H_048,U_0090,31-01-2024,07-02-2024,14-02-2024,3,Super Deluxe,13609,40827
B_00423,H_027,U_0630,01-10-2023,11-10-2023,20-10-2023,4,Luxury,28238,112952
B_00424,H_298,U_0199,03-05-2023,07-05-2023,08-05-2023,4,Standard,1224,4896
B_00425,H_276,U_0047,02-02-2024,10-02-2024,19-02-2024,2,Standard,1212,2424
B_00426,H_291,U_0316,02-02-2024,10-02-2024,11-02-2024,1,Super Deluxe,10593,10593
B_00427,H_069,U_0853,03-10-2023,09-10-2023,15-10-2023,3,Luxury,22775,68325
B_00428,H_210,U_0160,03-03-2024,11-03-2024,19-03-2024,4,Standard,1867,7468
B_00429,H_200,U_0569,07-04-2023,10-04-2023,14-04-2023,3,Super Deluxe,6085,18255
B_00430,H_228,U_0348,14-01-2024,19-01-2024,29-01-2024,4,Deluxe,4438,17752
B_00431,H_294,U_0723,05-05-2023,08-05-2023,13-05-2023,4,Standard,1817,7268
B_00432,H_259,U_0222,10-07-2023,17-07-2023,20-07-2023,1,Super Deluxe,5613,5613
B_00433,H_266,U_0519,19-10-2024,29-10-2024,07-11-2024,2,Deluxe,3394,6788
B_00434,H_297,U_0318,17-05-2024,22-05-2024,24-05-2024,2,Deluxe,4968,9936
B_00435,H_012,U_0119,10-08-2024,17-08-2024,18-08-2024,1,Super Deluxe,12650,12650
B_00436,H_104,U_0024,08-06-2023,15-06-2023,19-06-2023,3,Deluxe,2789,8367
B_00437,H_010,U_0688,15-08-2024,22-08-2024,25-08-2024,2,Super Deluxe,6876,13752
B_00438,H_216,U_0105,04-08-2024,12-08-2024,21-08-2024,3,Super Deluxe,7320,21960
B_00439,H_132,U_0251,28-02-2024,03-03-2024,08-03-2024,3,Luxury,15832,47496
B_00440,H_153,U_0109,24-10-2023,27-10-2023,29-10-2023,4,Luxury,17933,71732
B_00441,H_117,U_0632,07-04-2023,14-04-2023,20-04-2023,2,Standard,1753,3506
B_00442,H_122,U_0100,28-07-2024,04-08-2024,12-08-2024,4,Deluxe,2917,11668
B_00443,H_006,U_0935,28-05-2024,06-06-2024,09-06-2024,3,Super Deluxe,12427,37281
B_00444,H_049,U_0360,30-06-2024,10-07-2024,13-07-2024,3,Super Deluxe,14904,44712
B_00445,H_289,U_0838,03-07-2023,11-07-2023,20-07-2023,1,Super Deluxe,13729,13729
B_00446,H_273,U_0636,09-04-2023,14-04-2023,22-04-2023,4,Standard,1497,5988
B_00447,H_122,U_0804,16-09-2023,24-09-2023,03-10-2023,2,Deluxe,4715,9430
B_00448,H_018,U_0857,29-06-2024,03-07-2024,13-07-2024,4,Super Deluxe,14095,56380
B_00449,H_119,U_0979,05-05-2023,09-05-2023,19-05-2023,1,Luxury,20365,20365
B_00450,H_153,U_0223,04-07-2024,07-07-2024,10-07-2024,2,Luxury,23705,47410
B_00451,H_023,U_0201,01-07-2023,09-07-2023,14-07-2023,3,Luxury,26761,80283
B_00452,H_153,U_0597,07-08-2023,16-08-2023,19-08-2023,3,Standard,1556,4668
B_00453,H_119,U_0721,16-05-2023,24-05-2023,26-05-2023,3,Standard,1281,3843
B_00454,H_016,U_0729,27-10-2024,05-11-2024,12-11-2024,4,Deluxe,4714,18856
B_00455,H_131,U_0394,02-10-2023,11-10-2023,14-10-2023,3,Deluxe,2551,7653
B_00456,H_015,U_0739,09-08-2024,18-08-2024,21-08-2024,1,Deluxe,4631,4631
B_00457,H_069,U_0953,23-04-2023,28-04-2023,06-05-2023,4,Luxury,21304,85216
B_00458,H_292,U_0008,21-07-2023,31-07-2023,04-08-2023,3,Luxury,23949,71847
B_00459,H_138,U_0582,09-01-2024,17-01-2024,19-01-2024,4,Standard,1090,4360
B_00460,H_175,U_0477,15-07-2023,19-07-2023,28-07-2023,1,Deluxe,3936,3936
B_00461,H_081,U_0701,19-04-2023,26-04-2023,06-05-2023,1,Super Deluxe,13766,13766
B_00462,H_136,U_0928,16-07-2024,24-07-2024,31-07-2024,3,Super Deluxe,9739,29217
B_00463,H_140,U_0768,21-10-2023,28-10-2023,29-10-2023,4,Deluxe,4347,17388
B_00464,H_012,U_0028,20-12-2023,30-12-2023,01-01-2024,2,Standard,1369,2738
B_00465,H_069,U_0879,01-08-2023,04-08-2023,06-08-2023,2,Deluxe,4700,9400
B_00466,H_281,U_0802,16-09-2024,26-09-2024,29-09-2024,1,Super Deluxe,6383,6383
B_00467,H_070,U_0858,03-09-2023,12-09-2023,19-09-2023,2,Luxury,26895,53790
B_00468,H_131,U_0056,17-11-2024,21-11-2024,22-11-2024,2,Luxury,21534,43068
B_00469,H_297,U_0240,23-03-2024,01-04-2024,09-04-2024,3,Deluxe,4173,12519
B_00470,H_070,U_0392,08-11-2024,11-11-2024,13-11-2024,3,Luxury,25003,75009
B_00471,H_132,U_0277,14-01-2024,18-01-2024,23-01-2024,4,Luxury,27668,110672
B_00472,H_139,U_0789,15-06-2024,23-06-2024,26-06-2024,3,Standard,817,2451
B_00473,H_217,U_0538,29-03-2024,08-04-2024,14-04-2024,2,Super Deluxe,9128,18256
B_00474,H_189,U_0059,22-09-2024,26-09-2024,28-09-2024,1,Deluxe,3540,3540
B_00475,H_276,U_0823,08-07-2024,12-07-2024,15-07-2024,3,Super Deluxe,12651,37953
B_00476,H_070,U_0945,10-01-2024,19-01-2024,25-01-2024,3,Deluxe,2304,6912
B_00477,H_161,U_0341,27-09-2023,04-10-2023,09-10-2023,2,Luxury,16138,32276
B_00478,H_183,U_0403,27-06-2023,07-07-2023,09-07-2023,2,Luxury,18579,37158
B_00479,H_010,U_0733,20-06-2024,24-06-2024,25-06-2024,1,Standard,1970,1970
B_00480,H_140,U_0919,17-08-2024,22-08-2024,23-08-2024,1,Luxury,19366,19366
B_00481,H_259,U_0589,23-08-2023,02-09-2023,10-09-2023,4,Luxury,28829,115316
B_00482,H_069,U_0554,30-01-2024,02-02-2024,09-02-2024,4,Standard,1961,7844
B_00483,H_059,U_0699,03-05-2023,12-05-2023,13-05-2023,1,Super Deluxe,13760,13760
B_00484,H_258,U_0779,09-05-2023,15-05-2023,18-05-2023,1,Luxury,25826,25826
B_00485,H_299,U_0646,28-07-2024,07-08-2024,09-08-2024,4,Deluxe,2574,10296
B_00486,H_183,U_0245,08-10-2024,17-10-2024,19-10-2024,3,Luxury,23749,71247
B_00487,H_070,U_0038,19-05-2024,22-05-2024,28-05-2024,1,Luxury,16937,16937
B_00488,H_138,U_0470,29-02-2024,05-03-2024,15-03-2024,2,Standard,875,1750
B_00489,H_074,U_0483,04-05-2023,10-05-2023,13-05-2023,1,Deluxe,4592,4592
B_00490,H_175,U_0468,13-07-2023,17-07-2023,19-07-2023,1,Luxury,24749,24749
B_00491,H_183,U_0437,25-03-2024,03-04-2024,09-04-2024,1,Deluxe,3318,3318
B_00492,H_292,U_0608,27-12-2023,04-01-2024,06-01-2024,1,Super Deluxe,7315,7315
B_00493,H_237,U_0567,17-04-2024,27-04-2024,01-05-2024,1,Deluxe,2410,2410
B_00494,H_070,U_0797,16-11-2023,19-11-2023,27-11-2023,1,Standard,814,814
B_00495,H_155,U_0909,26-08-2024,04-09-2024,12-09-2024,2,Deluxe,2587,5174
B_00496,H_196,U_0245,06-12-2023,09-12-2023,19-12-2023,2,Luxury,25028,50056
B_00497,H_003,U_0357,18-10-2023,21-10-2023,30-10-2023,2,Deluxe,2482,4964
B_00498,H_078,U_0371,30-10-2023,05-11-2023,13-11-2023,2,Super Deluxe,5870,11740
B_00499,H_261,U_0510,02-08-2024,07-08-2024,08-08-2024,1,Super Deluxe,9671,9671
B_00500,H_189,U_0825,02-07-2024,05-07-2024,07-07-2024,1,Deluxe,2648,2648
B_00501,H_101,U_0073,16-07-2023,26-07-2023,05-08-2023,3,Luxury,18257,54771
B_00502,H_273,U_0798,05-05-2023,13-05-2023,17-05-2023,1,Deluxe,3690,3690
B_00503,H_257,U_0076,04-12-2023,14-12-2023,15-12-2023,4,Deluxe,2886,11544
B_00504,H_136,U_0383,09-11-2023,19-11-2023,23-11-2023,3,Super Deluxe,8314,24942
B_00505,H_299,U_0062,01-11-2024,06-11-2024,08-11-2024,4,Luxury,21853,87412
B_00506,H_172,U_0619,06-06-2024,11-06-2024,21-06-2024,2,Standard,1643,3286
B_00507,H_099,U_0606,13-07-2024,23-07-2024,28-07-2024,1,Luxury,27062,27062
B_00508,H_278,U_0594,05-11-2023,10-11-2023,20-11-2023,1,Luxury,15725,15725
B_00509,H_299,U_0035,20-09-2024,29-09-2024,07-10-2024,1,Luxury,23115,23115
B_00510,H_175,U_0710,08-11-2023,14-11-2023,17-11-2023,3,Super Deluxe,8917,26751
B_00511,H_131,U_0686,12-12-2023,17-12-2023,25-12-2023,1,Luxury,22599,22599
B_00512,H_101,U_0190,22-09-2023,02-10-2023,03-10-2023,1,Luxury,29639,29639
B_00513,H_172,U_0437,04-05-2024,10-05-2024,12-05-2024,3,Standard,1854,5562
B_00514,H_106,U_0114,10-06-2023,18-06-2023,26-06-2023,1,Super Deluxe,11004,11004
B_00515,H_156,U_0575,06-07-2023,11-07-2023,17-07-2023,2,Standard,1779,3558
B_00516,H_023,U_0772,06-06-2024,14-06-2024,20-06-2024,3,Luxury,19541,58623
B_00517,H_070,U_0498,13-04-2023,17-04-2023,25-04-2023,3,Luxury,25174,75522
B_00518,H_093,U_0193,02-08-2024,06-08-2024,08-08-2024,4,Deluxe,3182,12728
B_00519,H_251,U_0283,09-06-2024,14-06-2024,22-06-2024,2,Deluxe,4133,8266
B_00520,H_049,U_0993,03-07-2023,08-07-2023,16-07-2023,3,Luxury,22273,66819
B_00521,H_081,U_0065,09-10-2024,15-10-2024,24-10-2024,3,Luxury,24482,73446
B_00522,H_200,U_0498,30-05-2024,09-06-2024,17-06-2024,3,Deluxe,3256,9768
B_00523,H_169,U_0381,06-07-2024,09-07-2024,12-07-2024,3,Super Deluxe,12470,37410
B_00524,H_282,U_0729,28-01-2024,04-02-2024,07-02-2024,2,Deluxe,2661,5322
B_00525,H_140,U_0589,27-12-2023,06-01-2024,11-01-2024,3,Deluxe,2841,8523
B_00526,H_194,U_0353,01-08-2024,09-08-2024,17-08-2024,2,Super Deluxe,6991,13982
B_00527,H_140,U_0787,29-12-2023,08-01-2024,14-01-2024,2,Standard,1918,3836
B_00528,H_131,U_0486,16-05-2024,21-05-2024,31-05-2024,4,Super Deluxe,6841,27364
B_00529,H_203,U_0695,12-09-2023,16-09-2023,21-09-2023,1,Luxury,25118,25118
B_00530,H_130,U_0335,07-11-2023,13-11-2023,23-11-2023,2,Super Deluxe,8207,16414
B_00531,H_203,U_0694,06-11-2023,15-11-2023,19-11-2023,4,Super Deluxe,14883,59532
B_00532,H_048,U_0408,12-11-2024,21-11-2024,27-11-2024,4,Super Deluxe,5200,20800
B_00533,H_010,U_0896,13-12-2023,17-12-2023,21-12-2023,4,Luxury,28168,112672
B_00534,H_282,U_0747,04-02-2024,09-02-2024,19-02-2024,1,Deluxe,2852,2852
B_00535,H_195,U_0344,10-02-2024,19-02-2024,21-02-2024,1,Luxury,25467,25467
B_00536,H_195,U_0474,31-07-2023,05-08-2023,09-08-2023,2,Luxury,19743,39486
B_00537,H_299,U_0855,09-08-2023,16-08-2023,24-08-2023,4,Deluxe,2110,8440
B_00538,H_279,U_0979,07-07-2024,11-07-2024,16-07-2024,4,Deluxe,4015,16060
B_00539,H_276,U_0123,14-09-2024,24-09-2024,26-09-2024,3,Luxury,24267,72801
B_00540,H_291,U_0998,14-01-2024,22-01-2024,31-01-2024,1,Super Deluxe,7669,7669
B_00541,H_189,U_0900,26-07-2023,03-08-2023,06-08-2023,1,Super Deluxe,10918,10918
B_00542,H_139,U_0050,05-07-2023,12-07-2023,21-07-2023,1,Deluxe,4573,4573
B_00543,H_155,U_0557,18-04-2024,26-04-2024,01-05-2024,3,Super Deluxe,6571,19713
B_00544,H_264,U_0014,22-07-2024,29-07-2024,04-08-2024,4,Luxury,20576,82304
B_00545,H_194,U_0159,19-04-2024,25-04-2024,29-04-2024,1,Luxury,22545,22545
B_00546,H_058,U_0946,11-05-2023,21-05-2023,27-05-2023,3,Super Deluxe,7278,21834
B_00547,H_220,U_0536,01-12-2023,06-12-2023,11-12-2023,1,Standard,1255,1255
B_00548,H_178,U_0315,25-09-2024,01-10-2024,04-10-2024,1,Luxury,26319,26319
B_00549,H_258,U_0794,11-02-2024,20-02-2024,21-02-2024,2,Standard,867,1734
B_00550,H_059,U_0481,21-01-2024,28-01-2024,29-01-2024,1,Super Deluxe,5169,5169
B_00551,H_058,U_0211,10-04-2023,15-04-2023,21-04-2023,1,Standard,1098,1098
B_00552,H_107,U_0357,30-09-2023,05-10-2023,14-10-2023,2,Standard,1002,2004
B_00553,H_183,U_0223,12-02-2024,19-02-2024,22-02-2024,1,Standard,1238,1238
B_00554,H_019,U_0376,19-06-2023,29-06-2023,01-07-2023,2,Super Deluxe,11220,22440
B_00555,H_027,U_0116,21-02-2024,25-02-2024,04-03-2024,1,Deluxe,4031,4031
B_00556,H_016,U_0740,18-07-2023,22-07-2023,28-07-2023,4,Standard,1588,6352
B_00557,H_298,U_0704,27-11-2023,03-12-2023,12-12-2023,4,Super Deluxe,12012,48048
B_00558,H_069,U_0962,25-05-2024,30-05-2024,31-05-2024,4,Standard,1611,6444
B_00559,H_244,U_0123,23-02-2024,03-03-2024,10-03-2024,1,Deluxe,2266,2266
B_00560,H_122,U_0610,24-04-2023,28-04-2023,02-05-2023,4,Luxury,19564,78256
B_00561,H_175,U_0280,13-03-2024,21-03-2024,29-03-2024,4,Luxury,23380,93520
B_00562,H_280,U_0126,09-04-2023,19-04-2023,27-04-2023,2,Deluxe,2122,4244
B_00563,H_210,U_0511,17-11-2023,22-11-2023,29-11-2023,3,Deluxe,3241,9723
B_00564,H_142,U_0677,14-03-2024,24-03-2024,01-04-2024,2,Super Deluxe,13158,26316
B_00565,H_278,U_0829,10-08-2024,13-08-2024,14-08-2024,4,Standard,1585,6340
B_00566,H_261,U_0471,29-07-2023,01-08-2023,04-08-2023,3,Deluxe,4014,12042
B_00567,H_153,U_0500,09-11-2024,19-11-2024,28-11-2024,4,Luxury,24212,96848
B_00568,H_228,U_0270,22-02-2024,02-03-2024,12-03-2024,3,Super Deluxe,10251,30753
B_00569,H_155,U_0858,10-02-2024,18-02-2024,28-02-2024,1,Super Deluxe,11236,11236
B_00570,H_077,U_0422,13-04-2023,16-04-2023,20-04-2023,2,Deluxe,4655,9310
B_00571,H_048,U_0890,11-07-2023,15-07-2023,21-07-2023,2,Standard,1902,3804
B_00572,H_018,U_0582,31-08-2023,09-09-2023,14-09-2023,1,Luxury,24634,24634
B_00573,H_278,U_0400,31-12-2023,04-01-2024,12-01-2024,1,Deluxe,3377,3377
B_00574,H_058,U_0171,19-05-2023,27-05-2023,03-06-2023,2,Luxury,25412,50824
B_00575,H_173,U_0220,10-01-2024,17-01-2024,18-01-2024,3,Luxury,28183,84549
B_00576,H_107,U_0735,26-04-2024,30-04-2024,10-05-2024,3,Super Deluxe,6103,18309
B_00577,H_049,U_0215,09-01-2024,13-01-2024,18-01-2024,3,Luxury,25871,77613
B_00578,H_098,U_0258,22-04-2023,02-05-2023,11-05-2023,2,Standard,1857,3714
B_00579,H_140,U_0677,26-05-2023,02-06-2023,11-06-2023,4,Standard,1869,7476
B_00580,H_261,U_0155,16-01-2024,25-01-2024,01-02-2024,3,Standard,1216,3648
B_00581,H_023,U_0662,02-09-2023,09-09-2023,19-09-2023,2,Luxury,18908,37816
B_00582,H_266,U_0817,10-09-2024,20-09-2024,28-09-2024,4,Luxury,25600,102400
B_00583,H_273,U_0140,04-04-2023,11-04-2023,16-04-2023,2,Standard,1795,3590
B_00584,H_090,U_0322,23-05-2023,27-05-2023,03-06-2023,3,Standard,1612,4836
B_00585,H_086,U_0242,08-03-2024,12-03-2024,21-03-2024,3,Luxury,29493,88479
B_00586,H_140,U_0338,26-09-2023,05-10-2023,09-10-2023,4,Deluxe,2591,10364
B_00587,H_295,U_0451,09-09-2024,16-09-2024,26-09-2024,1,Luxury,23741,23741
B_00588,H_194,U_0559,15-10-2024,25-10-2024,29-10-2024,3,Deluxe,3487,10461
B_00589,H_282,U_0022,06-08-2024,09-08-2024,13-08-2024,3,Luxury,20068,60204
B_00590,H_272,U_0548,10-06-2023,20-06-2023,27-06-2023,1,Luxury,19187,19187
B_00591,H_015,U_0305,23-02-2024,28-02-2024,07-03-2024,3,Luxury,27933,83799
B_00592,H_146,U_0483,21-04-2024,29-04-2024,06-05-2024,1,Deluxe,4861,4861
B_00593,H_228,U_0617,12-06-2023,20-06-2023,28-06-2023,1,Standard,1176,1176
B_00594,H_020,U_0004,02-12-2023,08-12-2023,13-12-2023,3,Standard,1026,3078
B_00595,H_292,U_0868,23-02-2024,02-03-2024,10-03-2024,4,Deluxe,3068,12272
B_00596,H_010,U_0819,12-05-2023,18-05-2023,20-05-2023,4,Super Deluxe,7981,31924
B_00597,H_214,U_0230,26-12-2023,29-12-2023,07-01-2024,2,Standard,1747,3494
B_00598,H_178,U_0051,13-05-2024,22-05-2024,01-06-2024,3,Deluxe,2365,7095
B_00599,H_091,U_0121,07-03-2024,16-03-2024,24-03-2024,4,Standard,1259,5036
B_00600,H_153,U_0295,18-06-2024,27-06-2024,30-06-2024,4,Deluxe,4458,17832
B_00601,H_073,U_0429,19-05-2023,28-05-2023,31-05-2023,1,Super Deluxe,9290,9290
B_00602,H_189,U_0379,16-01-2024,26-01-2024,28-01-2024,1,Luxury,17183,17183
B_00603,H_292,U_0704,10-07-2023,19-07-2023,26-07-2023,3,Standard,995,2985
B_00604,H_153,U_0483,18-08-2023,21-08-2023,22-08-2023,3,Luxury,19957,59871
B_00605,H_037,U_0992,16-10-2023,19-10-2023,29-10-2023,2,Super Deluxe,7784,15568
B_00606,H_003,U_0136,21-11-2023,29-11-2023,08-12-2023,4,Deluxe,3067,12268
B_00607,H_070,U_0512,29-05-2023,06-06-2023,13-06-2023,3,Super Deluxe,9322,27966
B_00608,H_012,U_0324,10-09-2023,15-09-2023,24-09-2023,4,Standard,1186,4744
B_00609,H_049,U_0482,08-10-2023,13-10-2023,21-10-2023,4,Standard,1813,7252
B_00610,H_182,U_0497,02-07-2024,12-07-2024,14-07-2024,2,Standard,1515,3030
B_00611,H_142,U_0855,10-12-2023,17-12-2023,27-12-2023,2,Standard,1877,3754
B_00612,H_093,U_0253,25-11-2023,29-11-2023,05-12-2023,1,Super Deluxe,6999,6999
B_00613,H_081,U_0858,09-03-2024,14-03-2024,15-03-2024,1,Luxury,28611,28611
B_00614,H_003,U_0609,14-06-2024,22-06-2024,23-06-2024,4,Super Deluxe,14326,57304
B_00615,H_273,U_0331,24-10-2023,28-10-2023,06-11-2023,4,Standard,1616,6464
B_00616,H_106,U_0092,14-05-2023,20-05-2023,23-05-2023,4,Luxury,19669,78676
B_00617,H_293,U_0124,03-10-2024,13-10-2024,20-10-2024,3,Deluxe,3471,10413
B_00618,H_279,U_0205,17-01-2024,27-01-2024,03-02-2024,4,Super Deluxe,14226,56904
B_00619,H_070,U_0831,23-10-2023,28-10-2023,04-11-2023,4,Standard,882,3528
B_00620,H_010,U_0664,20-10-2024,30-10-2024,08-11-2024,1,Super Deluxe,12672,12672
B_00621,H_086,U_0308,30-10-2024,04-11-2024,09-11-2024,2,Luxury,19842,39684
B_00622,H_264,U_0526,09-01-2024,18-01-2024,25-01-2024,1,Luxury,25828,25828
B_00623,H_168,U_0261,14-09-2023,18-09-2023,27-09-2023,1,Standard,1747,1747
B_00624,H_012,U_0047,15-06-2023,24-06-2023,29-06-2023,3,Luxury,27409,82227
B_00625,H_081,U_0350,10-09-2024,16-09-2024,19-09-2024,1,Super Deluxe,6743,6743
B_00626,H_274,U_0120,05-12-2023,10-12-2023,18-12-2023,4,Luxury,29235,116940
B_00627,H_106,U_0311,21-09-2024,30-09-2024,05-10-2024,1,Deluxe,2554,2554
B_00628,H_189,U_0713,29-03-2024,01-04-2024,05-04-2024,4,Deluxe,4662,18648
B_00629,H_292,U_0196,27-06-2024,04-07-2024,12-07-2024,2,Luxury,21913,43826
B_00630,H_262,U_0757,13-05-2023,23-05-2023,31-05-2023,1,Luxury,24589,24589
B_00631,H_244,U_0053,05-12-2023,08-12-2023,10-12-2023,4,Luxury,28904,115616
B_00632,H_093,U_0298,13-10-2024,23-10-2024,30-10-2024,4,Luxury,18800,75200
B_00633,H_183,U_0591,23-03-2024,27-03-2024,01-04-2024,4,Luxury,16916,67664
B_00634,H_251,U_0460,05-07-2023,08-07-2023,11-07-2023,3,Deluxe,3923,11769
B_00635,H_155,U_0602,18-06-2024,28-06-2024,01-07-2024,3,Luxury,21830,65490
B_00636,H_200,U_0816,23-10-2024,28-10-2024,07-11-2024,2,Super Deluxe,6413,12826
B_00637,H_122,U_0161,02-06-2023,06-06-2023,13-06-2023,4,Super Deluxe,8846,35384
B_00638,H_034,U_0368,10-11-2024,18-11-2024,21-11-2024,2,Standard,930,1860
B_00639,H_081,U_0124,12-08-2024,18-08-2024,26-08-2024,3,Super Deluxe,10821,32463
B_00640,H_156,U_0274,12-05-2024,16-05-2024,17-05-2024,4,Luxury,28789,115156
B_00641,H_117,U_0625,07-08-2024,10-08-2024,19-08-2024,1,Deluxe,4581,4581
B_00642,H_138,U_0161,21-06-2024,01-07-2024,10-07-2024,4,Standard,1115,4460
B_00643,H_090,U_0126,17-05-2024,27-05-2024,03-06-2024,1,Deluxe,3941,3941
B_00644,H_274,U_0273,04-02-2024,13-02-2024,19-02-2024,2,Deluxe,4170,8340
B_00645,H_194,U_0424,03-03-2024,13-03-2024,22-03-2024,3,Standard,1706,5118
B_00646,H_150,U_0967,29-10-2024,02-11-2024,08-11-2024,3,Luxury,27655,82965
B_00647,H_078,U_0677,20-11-2023,23-11-2023,02-12-2023,3,Luxury,21587,64761
B_00648,H_140,U_0739,10-10-2024,18-10-2024,19-10-2024,3,Deluxe,4869,14607
B_00649,H_070,U_0640,09-02-2024,17-02-2024,24-02-2024,2,Super Deluxe,6381,12762
B_00650,H_059,U_0533,25-06-2024,02-07-2024,06-07-2024,1,Super Deluxe,13542,13542
B_00651,H_278,U_0029,14-09-2023,21-09-2023,25-09-2023,3,Luxury,23279,69837
B_00652,H_059,U_0266,28-02-2024,07-03-2024,09-03-2024,1,Standard,1719,1719
B_00653,H_131,U_0348,13-12-2023,19-12-2023,25-12-2023,3,Super Deluxe,14385,43155
B_00654,H_294,U_0756,27-01-2024,31-01-2024,06-02-2024,2,Super Deluxe,12444,24888
B_00655,H_279,U_0084,05-07-2023,08-07-2023,15-07-2023,2,Luxury,18520,37040
B_00656,H_214,U_0413,04-06-2024,13-06-2024,18-06-2024,4,Luxury,22211,88844
B_00657,H_177,U_0844,30-09-2023,05-10-2023,14-10-2023,2,Luxury,26652,53304
B_00658,H_298,U_0884,30-08-2023,03-09-2023,07-09-2023,4,Luxury,15535,62140
B_00659,H_098,U_0944,07-12-2023,16-12-2023,18-12-2023,1,Super Deluxe,14368,14368
B_00660,H_090,U_0381,06-10-2024,14-10-2024,19-10-2024,3,Luxury,15459,46377
B_00661,H_150,U_0432,15-07-2024,22-07-2024,27-07-2024,2,Deluxe,4003,8006
B_00662,H_193,U_0892,19-04-2024,28-04-2024,06-05-2024,3,Luxury,29751,89253
B_00663,H_132,U_0136,22-10-2023,01-11-2023,09-11-2023,4,Deluxe,4982,19928
B_00664,H_096,U_0420,31-07-2024,06-08-2024,13-08-2024,3,Standard,1707,5121
B_00665,H_194,U_0725,02-09-2024,09-09-2024,18-09-2024,1,Standard,1194,1194
B_00666,H_070,U_0981,08-06-2024,14-06-2024,22-06-2024,1,Standard,1889,1889
B_00667,H_228,U_0252,23-03-2024,02-04-2024,04-04-2024,3,Luxury,24649,73947
B_00668,H_298,U_0349,02-02-2024,07-02-2024,14-02-2024,1,Super Deluxe,11259,11259
B_00669,H_292,U_0555,29-05-2024,05-06-2024,08-06-2024,2,Super Deluxe,6469,12938
B_00670,H_282,U_0061,06-04-2023,11-04-2023,12-04-2023,1,Super Deluxe,11389,11389
B_00671,H_093,U_0265,16-01-2024,20-01-2024,21-01-2024,2,Deluxe,4446,8892
B_00672,H_282,U_0395,15-09-2024,22-09-2024,23-09-2024,3,Luxury,24063,72189
B_00673,H_292,U_0649,30-03-2024,02-04-2024,07-04-2024,1,Deluxe,4273,4273
B_00674,H_117,U_0417,09-05-2023,13-05-2023,22-05-2023,2,Deluxe,3530,7060
B_00675,H_189,U_0551,20-11-2024,30-11-2024,01-12-2024,1,Luxury,28589,28589
B_00676,H_299,U_0001,23-08-2023,02-09-2023,07-09-2023,3,Luxury,20758,62274
B_00677,H_196,U_0289,06-10-2023,11-10-2023,20-10-2023,1,Super Deluxe,6470,6470
B_00678,H_172,U_0743,31-10-2024,07-11-2024,14-11-2024,2,Super Deluxe,10614,21228
B_00679,H_228,U_0280,21-09-2024,29-09-2024,05-10-2024,2,Luxury,24823,49646
B_00680,H_132,U_0662,06-04-2024,16-04-2024,17-04-2024,1,Deluxe,3693,3693
B_00681,H_023,U_0781,03-04-2024,07-04-2024,09-04-2024,1,Luxury,26015,26015
B_00682,H_131,U_0848,19-10-2024,28-10-2024,31-10-2024,1,Standard,1747,1747
B_00683,H_131,U_0227,08-06-2023,15-06-2023,21-06-2023,2,Standard,1420,2840
B_00684,H_276,U_0991,26-05-2024,29-05-2024,03-06-2024,4,Deluxe,2030,8120
B_00685,H_119,U_0114,24-10-2023,03-11-2023,06-11-2023,2,Deluxe,2268,4536
B_00686,H_132,U_0266,07-10-2023,13-10-2023,22-10-2023,3,Deluxe,4778,14334
B_00687,H_203,U_0630,05-04-2023,15-04-2023,16-04-2023,4,Standard,1461,5844
B_00688,H_131,U_0125,11-08-2024,21-08-2024,29-08-2024,3,Standard,1259,3777
B_00689,H_136,U_0460,17-06-2023,20-06-2023,27-06-2023,2,Super Deluxe,6341,12682
B_00690,H_001,U_0707,11-06-2024,15-06-2024,19-06-2024,2,Deluxe,3349,6698
B_00691,H_182,U_0029,23-08-2023,01-09-2023,02-09-2023,3,Super Deluxe,9050,27150
B_00692,H_077,U_0853,06-08-2023,14-08-2023,23-08-2023,2,Standard,1698,3396
B_00693,H_012,U_0128,20-04-2023,23-04-2023,24-04-2023,4,Super Deluxe,6066,24264
B_00694,H_217,U_0057,12-07-2024,21-07-2024,23-07-2024,1,Standard,1945,1945
B_00695,H_291,U_0099,05-01-2024,11-01-2024,21-01-2024,1,Luxury,21291,21291
B_00696,H_145,U_0635,01-03-2024,09-03-2024,10-03-2024,4,Super Deluxe,14631,58524
B_00697,H_003,U_0731,14-04-2024,20-04-2024,30-04-2024,2,Super Deluxe,10823,21646
B_00698,H_210,U_0191,05-10-2023,10-10-2023,11-10-2023,1,Deluxe,3277,3277
B_00699,H_210,U_0319,16-09-2023,21-09-2023,24-09-2023,4,Super Deluxe,14885,59540
B_00700,H_171,U_0531,26-08-2023,29-08-2023,02-09-2023,1,Luxury,20634,20634
B_00701,H_078,U_0805,21-07-2023,29-07-2023,02-08-2023,4,Luxury,24827,99308
B_00702,H_161,U_0987,18-09-2024,25-09-2024,02-10-2024,3,Deluxe,2430,7290
B_00703,H_194,U_0508,30-09-2024,03-10-2024,07-10-2024,2,Luxury,25223,50446
B_00704,H_172,U_0827,12-07-2024,18-07-2024,25-07-2024,2,Standard,1543,3086
B_00705,H_015,U_0118,24-09-2024,01-10-2024,09-10-2024,2,Super Deluxe,5720,11440
B_00706,H_096,U_0179,07-04-2024,14-04-2024,17-04-2024,3,Deluxe,2732,8196
B_00707,H_231,U_0933,13-09-2023,16-09-2023,19-09-2023,4,Standard,1493,5972
B_00708,H_266,U_0379,12-09-2024,17-09-2024,26-09-2024,4,Standard,1042,4168
B_00709,H_155,U_0197,13-07-2023,22-07-2023,28-07-2023,3,Luxury,25423,76269
B_00710,H_189,U_0602,11-09-2023,18-09-2023,21-09-2023,3,Deluxe,2219,6657
B_00711,H_276,U_0872,13-06-2024,23-06-2024,27-06-2024,1,Luxury,27960,27960
B_00712,H_195,U_0398,09-02-2024,17-02-2024,25-02-2024,4,Deluxe,3319,13276
B_00713,H_295,U_0733,11-11-2023,21-11-2023,26-11-2023,4,Standard,1224,4896
B_00714,H_145,U_0406,19-10-2023,26-10-2023,02-11-2023,4,Deluxe,3533,14132
B_00715,H_145,U_0303,02-05-2023,10-05-2023,14-05-2023,1,Luxury,23393,23393
B_00716,H_259,U_0443,23-08-2023,31-08-2023,08-09-2023,3,Super Deluxe,11265,33795
B_00717,H_177,U_0661,09-06-2024,17-06-2024,19-06-2024,3,Standard,1366,4098
B_00718,H_289,U_0369,13-07-2023,19-07-2023,25-07-2023,2,Super Deluxe,9097,18194
B_00719,H_049,U_0196,07-12-2023,14-12-2023,15-12-2023,3,Super Deluxe,10680,32040
B_00720,H_152,U_0842,04-10-2023,07-10-2023,15-10-2023,2,Luxury,18729,37458
B_00721,H_200,U_0240,13-11-2024,23-11-2024,01-12-2024,3,Standard,1441,4323
B_00722,H_258,U_0215,06-08-2023,16-08-2023,25-08-2023,1,Super Deluxe,7277,7277
B_00723,H_261,U_0512,01-02-2024,09-02-2024,13-02-2024,4,Luxury,26236,104944
B_00724,H_230,U_0307,23-03-2024,26-03-2024,05-04-2024,1,Deluxe,2630,2630
B_00725,H_297,U_0645,18-01-2024,27-01-2024,03-02-2024,2,Luxury,16044,32088
B_00726,H_058,U_0337,23-07-2024,02-08-2024,07-08-2024,1,Deluxe,2428,2428
B_00727,H_027,U_0501,05-07-2024,10-07-2024,14-07-2024,1,Luxury,19651,19651
B_00728,H_069,U_0072,19-08-2024,22-08-2024,28-08-2024,1,Deluxe,3339,3339
B_00729,H_289,U_0114,24-08-2023,02-09-2023,10-09-2023,1,Luxury,29805,29805
B_00730,H_090,U_0318,18-10-2023,28-10-2023,31-10-2023,3,Deluxe,4059,12177
B_00731,H_058,U_0008,07-08-2023,17-08-2023,19-08-2023,4,Deluxe,4154,16616
B_00732,H_049,U_0472,07-03-2024,10-03-2024,12-03-2024,3,Luxury,20682,62046
B_00733,H_101,U_0401,02-04-2024,11-04-2024,15-04-2024,2,Luxury,22502,45004
B_00734,H_178,U_0098,01-10-2023,04-10-2023,08-10-2023,2,Super Deluxe,13811,27622
B_00735,H_019,U_0931,27-07-2024,05-08-2024,14-08-2024,1,Super Deluxe,6254,6254
B_00736,H_150,U_0420,02-10-2024,07-10-2024,12-10-2024,2,Standard,1746,3492
B_00737,H_145,U_0391,02-08-2023,11-08-2023,15-08-2023,4,Standard,821,3284
B_00738,H_153,U_0335,21-09-2023,01-10-2023,09-10-2023,1,Standard,1923,1923
B_00739,H_006,U_0144,11-10-2024,18-10-2024,21-10-2024,2,Standard,1005,2010
B_00740,H_245,U_0173,20-05-2024,23-05-2024,28-05-2024,2,Luxury,20867,41734
B_00741,H_034,U_0222,19-12-2023,22-12-2023,31-12-2023,1,Luxury,26311,26311
B_00742,H_272,U_0050,19-08-2024,25-08-2024,29-08-2024,3,Deluxe,2820,8460
B_00743,H_067,U_0346,19-07-2023,23-07-2023,27-07-2023,1,Deluxe,4966,4966
B_00744,H_200,U_0836,07-05-2023,15-05-2023,24-05-2023,2,Deluxe,4219,8438
B_00745,H_078,U_0219,16-07-2023,24-07-2023,30-07-2023,2,Standard,1623,3246
B_00746,H_228,U_0470,03-10-2023,07-10-2023,12-10-2023,3,Standard,937,2811
B_00747,H_228,U_0512,14-09-2024,19-09-2024,24-09-2024,1,Super Deluxe,11367,11367
B_00748,H_173,U_0341,20-08-2023,28-08-2023,05-09-2023,1,Super Deluxe,5290,5290
B_00749,H_183,U_0524,17-04-2023,20-04-2023,24-04-2023,1,Standard,1432,1432
B_00750,H_003,U_0635,20-06-2024,23-06-2024,26-06-2024,3,Luxury,19860,59580
B_00751,H_081,U_0244,12-06-2023,20-06-2023,23-06-2023,3,Super Deluxe,5649,16947
B_00752,H_230,U_0769,13-10-2023,19-10-2023,25-10-2023,3,Deluxe,2844,8532
B_00753,H_276,U_0821,16-09-2024,25-09-2024,04-10-2024,3,Deluxe,3812,11436
B_00754,H_244,U_0072,01-04-2023,04-04-2023,07-04-2023,2,Deluxe,2376,4752
B_00755,H_177,U_0242,21-05-2023,25-05-2023,01-06-2023,4,Super Deluxe,7690,30760
B_00756,H_183,U_0621,23-02-2024,01-03-2024,06-03-2024,4,Deluxe,3114,12456
B_00757,H_058,U_0408,23-07-2024,28-07-2024,05-08-2024,4,Luxury,23279,93116
B_00758,H_117,U_0840,25-08-2023,28-08-2023,04-09-2023,4,Standard,1414,5656
B_00759,H_182,U_0264,25-09-2023,05-10-2023,10-10-2023,4,Super Deluxe,11147,44588
B_00760,H_245,U_0140,12-11-2024,18-11-2024,21-11-2024,2,Standard,826,1652
B_00761,H_155,U_0504,15-08-2023,24-08-2023,31-08-2023,3,Luxury,23021,69063
B_00762,H_237,U_0419,05-05-2024,09-05-2024,16-05-2024,2,Deluxe,3788,7576
B_00763,H_173,U_0522,03-11-2023,11-11-2023,12-11-2023,4,Luxury,27054,108216
B_00764,H_203,U_0647,14-11-2023,19-11-2023,24-11-2023,4,Deluxe,3042,12168
B_00765,H_093,U_0013,17-07-2023,21-07-2023,28-07-2023,4,Standard,1861,7444
B_00766,H_018,U_0850,12-09-2023,19-09-2023,24-09-2023,4,Super Deluxe,11744,46976
B_00767,H_104,U_0112,17-11-2023,25-11-2023,28-11-2023,3,Deluxe,3631,10893
B_00768,H_036,U_0836,19-04-2024,22-04-2024,24-04-2024,1,Luxury,23601,23601
B_00769,H_278,U_0175,25-08-2024,02-09-2024,05-09-2024,2,Deluxe,3993,7986
B_00770,H_250,U_0581,25-05-2023,30-05-2023,03-06-2023,1,Deluxe,2786,2786
B_00771,H_177,U_0452,13-07-2024,18-07-2024,20-07-2024,3,Standard,1573,4719
B_00772,H_145,U_0600,03-07-2024,13-07-2024,21-07-2024,1,Standard,925,925
B_00773,H_001,U_0809,12-05-2024,16-05-2024,20-05-2024,1,Luxury,24880,24880
B_00774,H_298,U_0955,26-07-2023,05-08-2023,11-08-2023,4,Super Deluxe,11075,44300
B_00775,H_230,U_0837,16-07-2024,24-07-2024,31-07-2024,4,Standard,1529,6116
B_00776,H_101,U_0468,08-04-2023,13-04-2023,14-04-2023,1,Super Deluxe,9073,9073
B_00777,H_036,U_0528,04-09-2024,10-09-2024,11-09-2024,3,Standard,1537,4611
B_00778,H_036,U_0695,10-04-2024,16-04-2024,26-04-2024,4,Luxury,27112,108448
B_00779,H_264,U_0962,14-12-2023,18-12-2023,25-12-2023,3,Deluxe,4917,14751
B_00780,H_091,U_0804,06-12-2023,09-12-2023,12-12-2023,4,Standard,1417,5668
B_00781,H_203,U_0173,05-06-2023,09-06-2023,17-06-2023,2,Deluxe,2867,5734
B_00782,H_155,U_0109,11-12-2023,14-12-2023,17-12-2023,3,Luxury,27556,82668
B_00783,H_069,U_0975,26-10-2023,31-10-2023,09-11-2023,4,Standard,1481,5924
B_00784,H_177,U_0067,17-09-2024,26-09-2024,03-10-2024,4,Deluxe,2916,11664
B_00785,H_153,U_0092,22-12-2023,28-12-2023,30-12-2023,3,Deluxe,3284,9852
B_00786,H_069,U_0319,08-07-2023,14-07-2023,21-07-2023,4,Super Deluxe,10981,43924
B_00787,H_081,U_0533,28-01-2024,01-02-2024,08-02-2024,1,Luxury,20177,20177
B_00788,H_193,U_0512,15-05-2023,20-05-2023,30-05-2023,3,Deluxe,4726,14178
B_00789,H_093,U_0614,09-03-2024,16-03-2024,25-03-2024,1,Super Deluxe,14404,14404
B_00790,H_059,U_0299,08-12-2023,11-12-2023,17-12-2023,2,Deluxe,2922,5844
B_00791,H_081,U_0878,04-03-2024,13-03-2024,18-03-2024,2,Standard,1922,3844
B_00792,H_156,U_0357,15-06-2024,24-06-2024,26-06-2024,3,Super Deluxe,8197,24591
B_00793,H_220,U_0135,17-09-2024,20-09-2024,25-09-2024,4,Deluxe,4365,17460
B_00794,H_012,U_0919,17-07-2024,23-07-2024,27-07-2024,2,Standard,1541,3082
B_00795,H_130,U_0386,27-07-2024,01-08-2024,02-08-2024,1,Super Deluxe,12764,12764
B_00796,H_156,U_0666,24-05-2023,02-06-2023,05-06-2023,4,Deluxe,2140,8560
B_00797,H_291,U_0705,04-09-2023,13-09-2023,15-09-2023,4,Luxury,19510,78040
B_00798,H_155,U_0123,02-06-2024,06-06-2024,08-06-2024,4,Deluxe,2095,8380
B_00799,H_015,U_0281,19-09-2023,24-09-2023,01-10-2023,4,Luxury,19889,79556
B_00800,H_090,U_0731,06-07-2023,11-07-2023,18-07-2023,1,Luxury,24111,24111
