user_id,user_name,contact,age
U_0001,Craig Gonzalez,153.779.5995,67
U_0002,Jennifer Martin,073.033.7933x756,51
U_0003,Clinton Fritz,(015)081-2473x950,42
U_0004,Christina Mitchell,425.832.3024,46
U_0005,Alisha Byrd,(153)473-5528x9611,46
U_0006,Thomas Norton,865.596.3099,37
U_0007,Joseph Clarke,304-289-7317x91286,55
U_0008,Maria Hicks,872.558.7774x9690,45
U_0009,Steven Hayes,634.669.2548,37
U_0010,Paul Phillips,539.078.9567x76657,54
U_0011,James White,415.148.8814,57
U_0012,Annette Jones,8353544439,21
U_0013,Dr. Nicole Singh DVM,4456690782,57
U_0014,Crystal Cummings,738.987.7515,65
U_0015,Jessica Mcmahon,(377)805-2924x07553,24
U_0016,Michael Powell,001-845-909-0225x99996,66
U_0017,Christina Myers,+1-637-159-7412,31
U_0018,Juan Johnson,001-970-231-6433x481,58
U_0019,Jacob Smith,662-128-6716x32346,31
U_0020,Mary Moore,001-493-874-3027,34
U_0021,James Aguirre,597.779.0147x54692,60
U_0022,Christopher Williamson,(762)916-0324x84137,23
U_0023,Philip Martinez,(118)567-2438x070,28
U_0024,Michael Brady,(563)600-4125x7771,33
U_0025,Matthew Reeves,274.220.9124x186,29
U_0026,Michael Smith,275-230-8370x816,53
U_0027,Jill George,6335331060,22
U_0028,Gabrielle Lee DDS,122.068.1558,28
U_0029,Lori Villa,(613)315-5206x5063,18
U_0030,Austin Briggs,+1-950-136-4971x8924,44
U_0031,Lindsay Jarvis,001-625-257-1509x976,46
U_0032,Natalie Gordon,001-030-914-3639x102,62
U_0033,Edward Hernandez,039.752.4508,56
U_0034,Jennifer Hess,001-035-533-8033x96852,48
U_0035,Aaron Kane,302-321-2983,36
U_0036,Blake Hardy,233-629-3449x7347,20
U_0037,William Sanders,(776)896-2706,32
U_0038,Bradley Knox,982-824-6747x4689,36
U_0039,Mr. Miguel Gonzalez,008.576.6656,63
U_0040,Martin Chapman MD,1692364587,36
U_0041,Isabel Brown,(633)705-0249x7243,62
U_0042,Tiffany Skinner,1166918362,47
U_0043,Dawn Turner,+1-694-611-9524,22
U_0044,Tara Sanders,027-011-6864x6225,61
U_0045,Chad Tucker,179.323.0234x67912,32
U_0046,Brady Martinez,509-377-1004,34
U_0047,Adrienne Aguilar,1380698477,68
U_0048,Lindsey Rogers,+1-553-566-9055x10762,68
U_0049,Bryce Schmidt,001-357-978-6305x050,58
U_0050,Nancy Gregory,976.915.6716,55
U_0051,Cory Thomas,980.271.4872x71783,60
U_0052,Christopher Raymond,001-116-025-6434x712,69
U_0053,Madeline Vasquez,001-539-915-6686x334,30
U_0054,Brandon Davis,001-931-952-5690x4098,45
U_0055,James Henderson,001-528-993-1608x75243,25
U_0056,Mr. Kyle Thomas DDS,001-095-481-4973x746,52
U_0057,Robert Hernandez,001-330-276-4208x656,32
U_0058,Wanda Todd,(184)438-6125x9047,59
U_0059,Laura Ramos,423.330.5912x6620,27
U_0060,William White,1859626301,35
U_0061,John Watts,(617)647-5011,70
U_0062,John Barnett,309.997.4192x67649,27
U_0063,Frederick Reeves,+1-260-688-8718,22
U_0064,Kimberly Fuentes,+1-131-292-0875x1029,21
U_0065,Christopher Hart,001-011-845-8260x34084,28
U_0066,Jill Ray,001-585-988-3103x032,68
U_0067,Ronnie Bernard,+1-839-542-9618x446,37
U_0068,Carla Bryant,628-314-3598x926,56
U_0069,Emily French,(093)141-8186x1515,65
U_0070,Paula Thomas,401.636.1128,70
U_0071,Elizabeth Nicholson,185.948.4910x2562,54
U_0072,Patrick Faulkner,+1-896-792-4082,36
U_0073,Brenda Bradley,053-967-2757x844,46
U_0074,Kelly Higgins,414.651.1131,25
U_0075,Anthony Paul,+1-706-827-7881,47
U_0076,Luis Bartlett,001-068-538-9097x2832,62
U_0077,Ryan Palmer,6762515381,37
U_0078,John Baker,9634807970,62
U_0079,Luis Murphy,(105)265-0167x318,43
U_0080,Brittany Martinez,024.376.5456x2841,35
U_0081,Mary Gonzales MD,001-605-313-4026x6502,50
U_0082,Tiffany Moyer,167-872-5686x211,52
U_0083,Beth Cooper,3056906744,49
U_0084,Dr. David Hernandez,234.143.6371x89239,46
U_0085,Brittany Martinez,(043)260-9310x6684,23
U_0086,Veronica Walker,(708)604-1454x56350,56
U_0087,Aaron Guerrero,347-491-6247x55411,20
U_0088,Melanie Townsend,(555)989-5343,45
U_0089,Anita Rodriguez,+1-910-933-7118x9547,65
U_0090,Christina Le MD,684.855.7161,38
U_0091,Mr. Troy Gibbs,(942)409-0367,56
U_0092,Sheila Mata,(786)866-9432,34
U_0093,Kenneth Vargas,8788443448,19
U_0094,Danny Ferguson,024-240-3381x0595,23
U_0095,Travis Henson,269-450-0534x240,32
U_0096,Veronica Osborne,001-916-498-3735x43962,61
U_0097,Nicholas Hamilton,(717)272-2397,54
U_0098,Catherine Campbell,226-931-2163x7618,55
U_0099,Paul Smith,660-100-2314,19
U_0100,Mark Smith,1851327972,66
U_0101,John Sanchez,+1-481-001-8418,61
U_0102,Jennifer Smith,036.625.4361,70
U_0103,William Walker DVM,519-515-1092x2685,35
U_0104,Meghan Hernandez,+1-494-514-7541x02252,54
U_0105,Nathan Floyd,119.642.1522x6557,20
U_0106,Michael Gutierrez,+1-523-668-7887x8836,66
U_0107,Miguel Rose,001-313-503-0587x21055,66
U_0108,Sharon Fuentes,728-633-3021x2606,29
U_0109,Michael Bates,792-025-2131,48
U_0110,Ronald Butler,001-272-847-6570x41200,51
U_0111,Carrie Martin,(678)498-4362x4186,59
U_0112,Beth Lewis,+1-036-289-1775x662,46
U_0113,Jacob Coleman,111-595-0342x811,35
U_0114,Adam Browning,830.341.9909,29
U_0115,Mrs. Amber Davis,054-683-5652x1568,55
U_0116,Robert Hernandez,001-679-042-2711,45
U_0117,Crystal Lewis,+1-228-898-5725x45960,58
U_0118,Patricia Hughes,991.297.1024,70
U_0119,Tracy Harrington,717-524-2149,49
U_0120,Brandon White,001-747-472-1970x54669,23
U_0121,Betty Richardson,+1-551-687-4090x380,48
U_0122,Brian Bennett,001-613-671-5778,40
U_0123,Julie Miller,001-166-365-1559x7371,44
U_0124,Andrew Moore,235.909.6056x7303,39
U_0125,Tiffany Sutton,421-214-6147x683,38
U_0126,Debbie Rivas,654-235-6778,60
U_0127,Caitlyn Horton,(960)893-1992x550,24
U_0128,Jimmy Hernandez,164-807-2791x03368,28
U_0129,Lindsay Robinson,390.550.4481,39
U_0130,Mariah Bryant,(558)685-1276x52892,44
U_0131,Jane Bruce,001-649-111-1096x179,62
U_0132,Ariana Wallace,001-046-337-8613,49
U_0133,Tiffany Bell,660.538.4444x630,36
U_0134,Jennifer Smith,(589)552-9638,60
U_0135,Cheryl Newman,9626265826,43
U_0136,Michael Martinez,964-825-3110,70
U_0137,Mark Watkins,9819602752,66
U_0138,Steven Phillips,+1-364-041-2091,53
U_0139,Timothy Martinez,(442)117-5361,20
U_0140,Alex Jones DVM,366-572-2402,47
U_0141,Lynn Bond,557-998-0284,23
U_0142,Cheryl Johnson,8823513052,38
U_0143,Nicholas Case,473-158-4776x863,34
U_0144,Craig Mathis,001-461-994-2376x769,38
U_0145,Rose Dean,+1-663-955-1720x849,25
U_0146,Larry Wiley,560.125.6253x13552,67
U_0147,Barbara Flores,5379538164,43
U_0148,Kelsey Garcia,919-665-5330x770,50
U_0149,Jennifer Martinez MD,963-904-0907x42608,70
U_0150,Amanda Newman,716-445-5618,18
U_0151,Katherine Williams,771-591-0300x2156,60
U_0152,Brandon Ramsey,(800)401-0414x596,52
U_0153,Christopher Taylor,125.296.7188x397,47
U_0154,Vanessa Morris,001-731-441-5833x1170,44
U_0155,Michael Mcdonald,(371)539-8854x7281,21
U_0156,Colleen Cox,983.631.4624x912,30
U_0157,Brian Rodriguez,7240787541,51
U_0158,Angela Reynolds,(686)850-7451,41
U_0159,James Reilly,436.294.8978,57
U_0160,Michael Lucas,310-094-3181,66
U_0161,Stephen Lyons,(661)347-3235x4940,49
U_0162,Jonathan Graves,432.512.2572x0765,58
U_0163,William Ibarra,(095)790-7371,46
U_0164,Alan Frazier,388-221-1457x7584,66
U_0165,Dawn Ellis,(458)971-4802x632,21
U_0166,Andre Lane,001-653-136-1487x824,31
U_0167,Hannah Rivera,001-644-309-8591,35
U_0168,Jesse Donaldson,(410)727-2849x824,53
U_0169,Mr. Edward Chavez,491.074.0650,26
U_0170,Chad Koch,821.423.6914x30753,36
U_0171,Mandy Henderson,449-429-6592,46
U_0172,Christina Taylor,+1-344-149-7826,62
U_0173,Sandra Davis,758.575.6766x70806,49
U_0174,Charles Meadows,985.298.9406,25
U_0175,Michael Ford,001-870-104-1591x49750,19
U_0176,Kevin Dixon,001-038-287-2324x407,58
U_0177,Christina Jones,(918)133-1708,56
U_0178,Anthony Martinez,(723)849-7916x2022,69
U_0179,Mary Jackson,001-837-744-1975x4661,33
U_0180,Robert Hernandez,719-609-4097x0527,63
U_0181,Judy Smith,(588)358-6812,28
U_0182,Heather Ball,724-461-7679x29884,37
U_0183,Fred Moses,(996)100-2311x775,53
U_0184,Vicki Stokes,001-312-661-0941x0175,18
U_0185,Sara Mclean,176-298-3347x74332,53
U_0186,Joseph Tyler,901-302-0569,44
U_0187,Andrea Lopez,001-873-397-8559x8217,23
U_0188,James Jones,284-117-3098,32
U_0189,Danny Shepard,651-241-8938x984,25
U_0190,Anthony Terry,974-005-6435,47
U_0191,Amy Harris,001-503-719-9051x6991,25
U_0192,Karen Anderson,001-010-783-5674x3000,59
U_0193,Roberta Ferguson,(087)066-2668x2171,27
U_0194,Vickie Richardson,560.331.9036,49
U_0195,Stacy Mcguire,001-003-010-2724,63
U_0196,Gregory Rios,429.671.1148,36
U_0197,Michael Li,745.843.8458,50
U_0198,Amy Mccullough,001-974-132-8348x315,63
U_0199,Rachel Johnson,771.070.4496,35
U_0200,Vincent Brown,+1-670-667-0336x268,44
U_0201,Eric Weaver,(095)493-0596x601,48
U_0202,Tiffany Randolph,876-998-4267x3204,48
U_0203,Tiffany Miller,845.960.9454,33
U_0204,Rachel Patrick,+1-014-954-2770x707,47
U_0205,Ian Little,+1-360-914-9851,53
U_0206,David Buchanan,723-229-0310x287,27
U_0207,Amanda Love,4405809351,42
U_0208,Jeremy Dixon,359.561.6420,30
U_0209,Richard Rogers,(574)902-5042x90193,56
U_0210,Kayla Norman,953.690.2611x39898,50
U_0211,Kimberly Martinez,097.887.5439x43535,65
U_0212,Ethan Compton,001-376-515-8815x793,26
U_0213,Jason Hudson,(836)929-4455,22
U_0214,Jason Wagner,(973)270-2164,35
U_0215,Michelle Harrison,206-021-2886,67
U_0216,Heather Morales,+1-341-559-9910,68
U_0217,Thomas Dodson,(764)722-9812x09957,44
U_0218,Jeffrey Romero,001-413-475-0988,39
U_0219,Sarah Simmons,652-203-6849x95154,68
U_0220,Dwayne Tucker,244.913.4213,50
U_0221,Katie Jackson,+1-088-307-0534x967,35
U_0222,Sandra Phillips,176-741-2415,70
U_0223,Natasha Walker,528-547-8150,18
U_0224,Timothy Bauer,380-032-9633x47272,36
U_0225,Diane Gonzalez,830-617-8932,64
U_0226,Michael Austin,+1-935-782-4347x7695,37
U_0227,Elizabeth Robinson,001-467-536-1275x15627,55
U_0228,Sharon Burke,+1-304-483-6085x45667,55
U_0229,Dean Brown,350.476.3928x3199,60
U_0230,Larry Smith,001-061-558-1083x5832,49
U_0231,Jennifer Robbins,255-638-3000x8186,27
U_0232,Amanda Campbell,3304166241,46
U_0233,Jonathan Warner,001-600-892-1963x9456,52
U_0234,Allison Hill,149.764.6136,48
U_0235,Karen Velez,+1-836-076-5817,40
U_0236,William Sanders,757.914.5211,39
U_0237,Christine Mcmahon,001-312-697-8930,53
U_0238,Darlene Collins,205-996-0438x78753,66
U_0239,Michael Robertson,001-116-162-0281x2371,52
U_0240,Jeff Jackson,728.660.4164x48595,42
U_0241,Carol Roberts,+1-395-894-7735x22870,47
U_0242,Christopher Ruiz,4331875109,38
U_0243,Christopher Bell,+1-350-344-6945,30
U_0244,Jennifer Scott,+1-319-213-4249,62
U_0245,Robert Matthews,001-659-994-9732x03319,33
U_0246,Christopher Baxter,102-876-7548x13866,54
U_0247,Michelle Kelly,581.932.4268x77418,42
U_0248,Marissa Thompson,(756)398-3652x037,32
U_0249,Cory Willis,154-809-4047x60440,67
U_0250,Samantha Roy,977.278.1050x9222,44
U_0251,Roy Wilson,051.843.9055x295,20
U_0252,Teresa Powell,+1-013-824-1270x49386,38
U_0253,Paul Massey,4485157919,65
U_0254,Anita Hardin,(125)902-0357,48
U_0255,Nathaniel Wright,+1-324-064-2429x56334,63
U_0256,Cassandra Phillips,001-741-759-5587x209,69
U_0257,Joshua Clark,001-654-358-8418x343,42
U_0258,Andre Wilson,+1-272-795-5969x05150,42
U_0259,John Rogers,254-278-2079,60
U_0260,Kenneth Graham,(734)595-7640x3816,68
U_0261,Derrick Ray,001-028-249-8392,70
U_0262,Gary Choi,425-762-7023,59
U_0263,Elizabeth Miller,361.328.5072,27
U_0264,John Mcdaniel,001-376-731-6252x654,49
U_0265,Monica Coleman,(815)790-3923x5558,20
U_0266,Lisa Walton,327-303-4615,26
U_0267,Christopher Hernandez,670-462-2681x7151,50
U_0268,Jennifer Roman,(529)867-0766,55
U_0269,Elizabeth Green,+1-197-857-5851x2686,39
U_0270,Angela Smith,001-943-897-6074x017,24
U_0271,Anthony Greene,(465)408-4245x607,46
U_0272,Mark Larson,(086)321-8122x764,24
U_0273,Jimmy Williamson,001-897-015-5029x1681,51
U_0274,Mark Turner,(024)161-3944x9883,47
U_0275,Amber Berry,642.480.9624,18
U_0276,Jason Smith,(244)795-1330x53194,64
U_0277,Lisa Murray,(958)678-0555x57277,27
U_0278,Michael Chambers,609-178-5138x544,44
U_0279,Jocelyn Mcdonald,(992)959-6604,59
U_0280,Katherine Young,+1-269-116-3319,27
U_0281,Sean Wang,001-686-536-9455x1588,22
U_0282,Courtney Powell,001-747-226-4085x72169,48
U_0283,Valerie Jenkins,+1-093-299-8199x6059,68
U_0284,Keith Kennedy,509-688-3275,34
U_0285,Cynthia Kennedy,001-352-410-3977x397,39
U_0286,Rebecca Kaufman DDS,952-371-0068,57
U_0287,Shannon Jones MD,819-807-7046x056,62
U_0288,Kayla Banks,(112)491-2565x23734,43
U_0289,Martin Jones,001-734-547-5749x490,59
U_0290,Brittany Roberts,595.442.9477,23
U_0291,Brittany Trujillo,(294)643-0394,39
U_0292,Adam Diaz,867.925.2985x85672,61
U_0293,Karen Webb,(015)343-3249x1357,52
U_0294,Thomas Escobar,001-833-506-1581x4888,42
U_0295,Tracy Brown,001-833-423-3720,38
U_0296,Deborah Ramirez,001-312-840-3339x9771,58
U_0297,Rachael Flores,+1-137-171-7318x9397,63
U_0298,Adam Jordan,739-970-4694,66
U_0299,Christopher Hunter MD,+1-448-354-8847x1270,49
U_0300,William Ruiz,(216)417-5823,52
U_0301,Pamela Lewis,458.714.9392x52362,20
U_0302,Lisa Moore,796.434.7452x45557,57
U_0303,Justin Farmer,6065274033,22
U_0304,Dawn Wall,5665883398,33
U_0305,Donald Jones,(579)706-7349,58
U_0306,Amy Brown,485-741-7215x62294,61
U_0307,Kristina Gonzales,984-884-0215x57325,36
U_0308,Joel Cook,+1-449-021-6667x08085,32
U_0309,Jeffrey Johnson,587.495.1191x81828,65
U_0310,Anita Nielsen,+1-316-477-2512x957,23
U_0311,Melissa Wilkins,(069)409-6003x56243,45
U_0312,Patricia Patel,+1-395-923-2342x1089,24
U_0313,Amanda Anderson,(155)333-4264x335,66
U_0314,Shawn Blackburn,607-360-7763,58
U_0315,James Olsen,289-812-3179,63
U_0316,Zachary Perry,185.748.1700,24
U_0317,Jason Nixon,554-164-3167,46
U_0318,Victor Blair,023-290-2822x70093,28
U_0319,Mary Watson,(262)282-2512x07346,62
U_0320,Susan Baker,005-070-2608x69822,37
U_0321,Gregory Walker,(117)768-7290x47742,19
U_0322,Joshua Krueger,+1-177-932-3822x31164,20
U_0323,Ashley Perez,(457)988-9425,38
U_0324,Matthew Riley,6032020326,68
U_0325,Kenneth Webb,(396)737-9487x148,21
U_0326,Gabrielle Stafford,578-715-8415x608,36
U_0327,Darren Ellis,184-254-7681,40
U_0328,Valerie White,323.035.8929x88085,41
U_0329,Melissa Osborn,(521)293-2896,45
U_0330,Diana Haley,(468)677-5240x1484,27
U_0331,Nicholas Wheeler,062-272-3626,33
U_0332,Corey Flowers,342-619-2372,51
U_0333,Paige Smith,848-197-3741,44
U_0334,Lisa Hernandez,001-540-641-7692x74381,54
U_0335,Nicholas Moyer,(376)601-4448x564,61
U_0336,Mrs. Ashley Shaffer,973.964.1789,68
U_0337,Jamie Stone,+1-609-191-9113x59966,29
U_0338,Amanda Holland,798.066.0392x051,28
U_0339,Jason Johnson,455.534.7057x423,29
U_0340,Sharon Wong,001-652-715-5983x5411,23
U_0341,Emily Crawford,(634)755-7522,57
U_0342,Brian Perkins,848.826.9131x19642,42
U_0343,Kim Sanders,(149)915-3703x8240,57
U_0344,Roy Lucero II,732.043.0977,61
U_0345,Juan Carroll,(289)696-4546x55358,33
U_0346,Tyler Taylor,001-389-218-7851x935,49
U_0347,Maria Spencer,749.079.7796,55
U_0348,Zachary Johnson,805.721.5149x409,27
U_0349,Michael Bender DVM,748.453.9862,32
U_0350,Veronica Matthews,9059119186,47
U_0351,Morgan Wright,+1-220-715-1169x666,58
U_0352,Brenda Cooper,452-647-1246,34
U_0353,Gregory Holland,571-840-9080,47
U_0354,Anna Smith,005.640.9951x23972,34
U_0355,Vanessa Davis,+1-295-927-2827x09081,60
U_0356,Emily Carter,(298)217-3929x578,18
U_0357,Rachel Raymond,+1-815-352-3736x05079,69
U_0358,Joseph Alvarado,899-886-8345x27346,47
U_0359,James Henry,158.796.4740x8031,36
U_0360,Kevin Mccullough,+1-250-800-4635,61
U_0361,Amy Bryan,(882)850-3172x35137,52
U_0362,Martin Smith,(314)035-2635x6022,28
U_0363,Lisa Scott,(943)460-6664x37490,22
U_0364,Jennifer Dominguez,231.112.7128x524,46
U_0365,Michelle Neal,844-941-1631x8732,40
U_0366,Amanda Mendoza,306-211-3695,55
U_0367,Charles Harper,8335090254,37
U_0368,Hayley Gonzalez,+1-066-248-1323x5707,58
U_0369,David Rice,+1-228-501-1688,45
U_0370,Nathan Ramsey,502-130-6090x69130,62
U_0371,Angela Banks,964.967.3794x5772,34
U_0372,Shawn Walker,264-250-6420x7683,47
U_0373,Mrs. Lori Clark,(667)776-7555x6283,37
U_0374,Micheal Carroll,001-957-865-4362x7187,30
U_0375,Ross Hampton,+1-603-358-2686x270,42
U_0376,Jasmin Estrada,926-932-6573x275,48
U_0377,Pamela Schmidt,+1-011-100-0515x5323,24
U_0378,Austin Hanson,977-524-4182x22618,33
U_0379,Jennifer Hoffman,+1-743-127-1026x7672,42
U_0380,Laurie Huerta,(799)270-7955x151,54
U_0381,Marcus Byrd,(135)415-9709,40
U_0382,Jennifer Jackson,384-807-5203x447,54
U_0383,Gail Nelson DVM,+1-715-802-9090x46376,36
U_0384,Michael Nelson,(558)665-2548x3744,62
U_0385,Jerry Powers,+1-581-021-3125x12931,36
U_0386,Alexandra Smith,912-975-1910x23121,19
U_0387,Anna Hamilton,+1-330-165-8373x79274,60
U_0388,Leslie Valencia,280.123.4289x311,43
U_0389,Samuel Avila,269.496.8436,35
U_0390,Gregory Allen,4421017509,18
U_0391,Jessica Craig,001-701-595-9194x575,54
U_0392,Karen Porter,001-758-339-2056x77567,61
U_0393,Julie Hernandez,001-660-256-2650x6229,67
U_0394,Claire Smith,245.307.6248x4337,65
U_0395,Kathryn Graham,(705)115-7942,21
U_0396,Tony Lara,(704)254-9691x92845,56
U_0397,Renee Shields,(971)075-6335x357,65
U_0398,Kristen Ray,325-939-9337x97058,49
U_0399,Janet Hernandez,187-794-1763x42507,36
U_0400,Mark Murphy,+1-782-457-5983x399,67
U_0401,Nicholas Moss,884.366.0443,69
U_0402,Alexander Pearson,001-615-727-6829x75147,32
U_0403,Michael Chavez,(925)010-5875,56
U_0404,Ronnie Brooks,6562590459,69
U_0405,Amanda Hunt,001-271-122-1823x1555,40
U_0406,Greg Jones,(808)662-8137x2143,32
U_0407,Matthew Grant,3700332285,58
U_0408,Peter Santiago,8470681039,30
U_0409,Dave Henry,(195)826-3280x944,57
U_0410,Kayla Moore,945.354.6147,34
U_0411,Larry Curtis,632.106.1339x43945,61
U_0412,Matthew Hall,380-403-2537x657,66
U_0413,Miss Carmen Vasquez,+1-943-191-0090,64
U_0414,Theresa Conrad,769-210-5336x5146,67
U_0415,Elizabeth Johnson,424-731-0720,60
U_0416,Nathaniel Gibson,001-844-097-1231,61
U_0417,James Johnson,(762)090-1447x34043,26
U_0418,Jerome Smith,+1-096-873-0451x9577,58
U_0419,Jacqueline Winters,001-882-556-2965x7542,24
U_0420,Nicole Simpson,+1-656-194-2557,58
U_0421,Joshua Becker,5829582923,59
U_0422,Jennifer Colon,880-819-0482,20
U_0423,Melinda French,155.868.6395x6137,37
U_0424,Michael Mullins,001-081-721-4364x381,68
U_0425,Cheryl Smith,132-114-7165x6094,46
U_0426,James Torres,+1-979-907-0755x047,20
U_0427,Janet Ryan,699-570-6071,55
U_0428,Joshua Miller,001-176-539-7054x8739,41
U_0429,Adam Anderson,+1-087-182-7496x80491,64
U_0430,Katherine Barrera,204-956-1213x7730,26
U_0431,Patrick Valdez,(604)235-9737,23
U_0432,Tiffany Wilson,(229)907-7560,36
U_0433,Stephanie Richardson,+1-167-046-8611,38
U_0434,Shawn Ortega,683.210.2192x3785,65
U_0435,Karen Arellano,+1-296-180-3324x26050,44
U_0436,Alexandria Warren,980-425-3733x777,29
U_0437,Christopher Tran,+1-812-282-1781x9236,30
U_0438,Heidi Perez,606-056-0356x793,26
U_0439,Bethany Mendez,623.984.7169x06181,68
U_0440,Paula Mejia,5464754895,52
U_0441,Savannah Harrison,698.999.2751x7588,41
U_0442,Amy Soto,498-355-3935x435,51
U_0443,Jennifer Baker,(392)435-8853x79821,50
U_0444,Sherri Little,952.753.6749,35
U_0445,Glenn Scott,416-860-1347,28
U_0446,William Silva,896-340-6791x766,34
U_0447,Charles Martinez,001-001-418-8421x63090,70
U_0448,George Weber,463-339-9948x532,48
U_0449,Kevin Farmer,(638)902-1994,69
U_0450,Belinda Sanchez,(337)922-3410x34699,36
U_0451,Jill Hall,677-269-6084,65
U_0452,Michael Kim,550.789.6793x52196,39
U_0453,Jared Robinson,(643)436-9709x317,69
U_0454,Alison Armstrong,(607)676-1645x345,25
U_0455,Debbie Moore,989.830.6503,47
U_0456,Thomas Davis,001-804-184-7242x642,22
U_0457,Eric Meyer,190.924.8762,27
U_0458,Robert Gonzalez,001-111-428-1785x228,66
U_0459,Danielle Smith,(480)880-6220,32
U_0460,Ryan Allen,+1-594-737-2132x901,61
U_0461,Mrs. Donna Rice,688.687.8599x6486,64
U_0462,Scott Martinez,3195419666,61
U_0463,Alexander Freeman,001-036-279-2463x20374,43
U_0464,Mr. John Khan,260.321.4505x766,69
U_0465,Edward Nicholson,+1-707-155-3482,53
U_0466,Brian Garner,+1-400-838-5076,41
U_0467,Louis Reed,450-891-7768x08981,23
U_0468,Mrs. Samantha Rivera DDS,001-422-319-6463x0040,68
U_0469,Cheyenne Hudson,(268)943-0120x47137,43
U_0470,Carol Chambers,175-957-4988,18
U_0471,Robin Rivera,+1-582-984-9330x67458,34
U_0472,William Esparza,9441283337,52
U_0473,Tammy Terry,566.695.4132x97150,25
U_0474,Robert Moore,055.143.7769x3663,47
U_0475,Leroy Martin,(959)611-1102,41
U_0476,Katherine Davis,001-200-720-2455x910,61
U_0477,Eric Garcia,001-109-032-6714,65
U_0478,Lisa Fox,+1-421-794-2817x934,61
U_0479,Samuel Ortega,001-775-844-6634x533,34
U_0480,Michael Johnson,9121722145,55
U_0481,Lauren Higgins,(618)943-7052x63510,42
U_0482,Samuel King,(776)572-5659,70
U_0483,Catherine Booth,(461)752-0238,58
U_0484,Tina Solomon,001-260-055-9550x1783,41
U_0485,Gary Hopkins,001-848-689-9936x0798,24
U_0486,Zachary Bryant,506-917-6799x3593,61
U_0487,Eric Pearson,3946408303,32
U_0488,Joann Sanders,(014)886-0849x07938,48
U_0489,Donna Wilson,685.283.0615,19
U_0490,Theresa Smith,(424)462-6325,57
U_0491,Timothy Collins,+1-811-210-3142,53
U_0492,Jerry Martinez,001-878-179-4151x52638,38
U_0493,Molly Bartlett,+1-112-252-8837x505,57
U_0494,Rebecca Reynolds,632.397.9137x87655,32
U_0495,Andrew Chavez,9505560571,59
U_0496,Brendan Meyer,001-192-778-8519x05348,22
U_0497,Elaine Trevino,4246245618,58
U_0498,Jonathan Rodgers,(004)521-2899x15114,70
U_0499,Emily Martinez,001-391-304-4881,47
U_0500,Kimberly Ray,001-848-416-0461x540,62
U_0501,Brandon Duffy,1707568142,37
U_0502,Kristina Bauer,522-910-7322,59
U_0503,Samantha Fleming,608.493.7830,44
U_0504,Louis Price,452.696.9443x91649,25
U_0505,Dr. Jared Lee III,(929)132-0330,26
U_0506,Melinda Anderson,419.031.0615,20
U_0507,Charles Ramsey,556-684-7323,20
U_0508,Cole Wade,+1-377-460-4067x20078,37
U_0509,Jason Keith,(442)607-8197,49
U_0510,Mathew Cole,001-476-427-3720x376,25
U_0511,Travis Hicks,(145)841-4846,24
U_0512,Keith Dyer,443.899.8278,33
U_0513,Tyler Murphy,001-869-507-3214x644,52
U_0514,Lori Santiago,+1-995-167-9335x055,26
U_0515,David Cook,680.119.2360,42
U_0516,Jason Ferrell,187-233-3510,47
U_0517,Thomas Ortiz,973-153-9114x983,41
U_0518,Michael Weaver,+1-073-651-1893x94065,60
U_0519,Nicole Hawkins,(019)043-2230,65
U_0520,Christina Clark,(470)739-2013,62
U_0521,Peter Juarez,+1-621-276-0250x82611,52
U_0522,Christy Hernandez,632-488-8995,44
U_0523,Brooke Osborn,+1-937-629-7454,55
U_0524,Tammy Yates,3646871912,65
U_0525,Crystal Graves,876-920-8283,64
U_0526,Cynthia Williams,+1-813-881-5881x445,27
U_0527,Samantha Williams,323.182.9716x8157,44
U_0528,Donald Boone,0000015291,59
U_0529,Connor Benton,785-090-2556,24
U_0530,Rebecca Gordon,442-182-9987x4781,49
U_0531,Roger Roberts,+1-056-708-6700x900,57
U_0532,Stacey Gray,+1-515-848-2669x1362,44
U_0533,Kayla Ewing,(054)296-0807x063,35
U_0534,Lance Mendez,950.982.2104x016,20
U_0535,Joseph Zamora,044.287.7383x63816,62
U_0536,Christopher Jones,001-694-289-4642x036,41
U_0537,Bianca Bowen,631.441.7064x62554,31
U_0538,Amanda Powell,558.243.0176,46
U_0539,Ricky Roy,988.031.5388x82452,46
U_0540,Ronald Brown,001-504-043-3335x384,33
U_0541,Sophia Martinez,001-321-119-7871x8093,41
U_0542,Brandon Shelton,326.530.6011x9875,24
U_0543,Anna Yu DVM,001-880-023-0091x56182,61
U_0544,Kelly Smith,001-657-744-9160x936,41
U_0545,Ricky Anderson,1491189418,52
U_0546,David Moreno,092-632-2399x82137,59
U_0547,George Jones,042-886-0505x376,40
U_0548,Vincent Manning,112.600.3083x56691,21
U_0549,Pamela Hughes,+1-715-312-3455x06882,43
U_0550,Brian Sims,682.938.4401x3480,35
U_0551,Victoria Deleon,437-882-6033x59101,30
U_0552,Jocelyn Benson,+1-085-991-4492x074,25
U_0553,Carol Avila,001-996-996-4899x718,70
U_0554,Joseph Diaz,(932)591-4084x9932,47
U_0555,Ashley Combs,426.698.0690,23
U_0556,Kara Sanders MD,001-607-234-8389x35953,60
U_0557,Kelly Sandoval,+1-040-561-2996,31
U_0558,Joshua Sweeney,(695)826-4186,59
U_0559,Haley Mccoy,087.612.3859,58
U_0560,Thomas Wilson,468.239.4840,56
U_0561,Sandra Martin,001-300-869-6610x16831,19
U_0562,Corey Salazar,0168094149,21
U_0563,Oscar Brown,(283)976-2053x44077,68
U_0564,Douglas Martin,001-726-629-2508x177,39
U_0565,Tammy Hendrix,001-914-068-8413,33
U_0566,Jesse Davis,(552)356-1781,26
U_0567,Daniel Ferrell,(119)206-1363,68
U_0568,Veronica Stewart,789.561.3371x844,54
U_0569,Anthony Ali,001-502-648-0164,31
U_0570,Anthony Hayes,+1-416-781-2778x22102,22
U_0571,Sherry Shannon,001-821-348-6298,66
U_0572,Ronald Mueller,+1-973-638-3182x85605,53
U_0573,Paul Moyer,7986617706,31
U_0574,Kathleen Mccullough,205.068.2122x35521,55
U_0575,Meghan Keller MD,871-469-2182x19259,31
U_0576,Jesus Wheeler,8984369984,70
U_0577,Shawna Benton,(050)938-6948,32
U_0578,Mariah Evans,+1-598-811-4578x870,39
U_0579,Jessica Kelly,(386)767-3820,67
U_0580,Jodi James,917-798-7682,27
U_0581,Laura Kim,225.893.7085x8062,68
U_0582,Rebecca Wood,001-405-669-5790x012,56
U_0583,Joshua Osborne,544-286-7963x25942,18
U_0584,Madison Anderson,+1-946-338-9156,35
U_0585,Bobby Becker,285-725-6292x69335,27
U_0586,Rachael Wood,818.655.0784,26
U_0587,Tiffany Hansen,9574430349,52
U_0588,Michael Hunt,001-117-972-0385,34
U_0589,Debra Johnson,(364)154-7155x313,69
U_0590,Holly Mercado,(781)367-5009x42141,29
U_0591,Hector Bryant,+1-819-878-0927x045,25
U_0592,Ryan Rose,001-562-258-6605x98678,60
U_0593,Edwin Jackson,585.485.9655x9428,19
U_0594,Tyler Lozano,650-200-0245,26
U_0595,Laurie Johns,321-551-3055,18
U_0596,Mr. Mark Simmons,001-214-448-8966x9972,40
U_0597,Dr. William Walker MD,+1-746-202-5825x4318,68
U_0598,Robert Zimmerman,231-239-2049,68
U_0599,James Smith,836-472-3875,33
U_0600,Christopher Ruiz,172.257.7545x84726,55
U_0601,Kenneth Johnson,(918)768-3160,38
U_0602,Catherine Gonzales,721-733-7399,19
U_0603,Tina Howe,222-999-3621x65914,29
U_0604,Juan Young,(553)983-5844,34
U_0605,John Newman,001-732-643-0954x4979,21
U_0606,Audrey Barry,+1-970-292-7120x539,26
U_0607,Joseph Jimenez,375-298-8322,65
U_0608,Michael Stanton,(560)832-0048,44
U_0609,Robert Parks MD,897.535.8523x86003,51
U_0610,William Young,(199)517-1523x9102,25
U_0611,Carol Mcintosh,001-501-437-4830,65
U_0612,Christina Smith,(713)971-9126x02213,22
U_0613,Sean Bradshaw,672.019.1116x612,48
U_0614,Amanda Williamson,7258733930,46
U_0615,Corey James,802.748.1242,67
U_0616,Duane Clarke,+1-682-509-5229x46209,41
U_0617,Ryan Vang,(610)399-5297x013,50
U_0618,Barbara Hill,(585)856-4230x41202,55
U_0619,Tara Henderson MD,(738)740-2990,24
U_0620,Nathan Miller,(906)322-4815x54203,46
U_0621,Sharon Johnson,1095679756,50
U_0622,Elizabeth Brown,955.462.3471x247,32
U_0623,Brian Peters,001-181-030-6831x76417,57
U_0624,Jose Stephens,157.129.0150x71380,20
U_0625,Brian Brown,001-351-045-8474x362,64
U_0626,Craig Smith,(258)857-6694x70318,68
U_0627,Cristian Lambert,001-396-274-6662x15918,60
U_0628,Charles Nash,0046661459,51
U_0629,Barry Wilson,977.140.0493x881,37
U_0630,Kristine Graves,001-490-531-5204x998,47
U_0631,Kevin Lucas,+1-769-873-1379x716,59
U_0632,Justin Carter,(612)374-0779x43325,19
U_0633,Daniel Barker,994.991.9701x42620,21
U_0634,Anthony Murray,+1-211-602-0418,48
U_0635,Rebecca Young,+1-998-989-7211x70889,43
U_0636,Tanya Romero,864-482-2175,45
U_0637,Nancy Hall,857.082.0048x067,61
U_0638,Melvin Poole,(369)149-6112,24
U_0639,Kathryn Montoya,296-882-7697x040,49
U_0640,Crystal Wilson,961-560-7832,63
U_0641,Mr. Robert Tran,565.179.6240,46
U_0642,Tammy Miles,966-834-9604x7842,22
U_0643,Adam Hoffman,622-593-6488,23
U_0644,Jonathan Berry,001-348-688-3906x24672,38
U_0645,Nicole Wallace DDS,(091)141-3193x59236,56
U_0646,Daniel Cortez,5230458816,27
U_0647,Ronald Johnson,(544)724-1916,22
U_0648,Andre Lee,409-661-7718x2498,26
U_0649,Kimberly Williams,+1-067-821-4174,35
U_0650,Ryan Garcia,592.664.8698,57
U_0651,Suzanne Hale,001-698-748-6941,58
U_0652,Kevin Werner,+1-011-929-2075x36051,55
U_0653,Blake Vega,3988636536,53
U_0654,Maria Garcia,001-455-906-7000,63
U_0655,Marisa Turner,(489)420-4664,38
U_0656,Natalie Hawkins,(676)056-4204x56577,42
U_0657,Steven Duncan,533-890-6235x4662,56
U_0658,Cathy Barnes,001-401-659-9530x062,51
U_0659,Bailey Hernandez,(767)746-2591,36
U_0660,Brian Thompson,001-115-848-8600x801,47
U_0661,Jose Foster,001-782-312-9957x047,50
U_0662,Nathan Sparks,(612)120-3843,56
U_0663,Stacey Peterson,(596)807-8525x48242,45
U_0664,Justin Potter,545.400.6445x47523,24
U_0665,Angela Taylor,274.897.9177,68
U_0666,Jennifer Clark,+1-427-203-8862x17508,62
U_0667,Ryan Lawson,(304)530-6935x8824,25
U_0668,Crystal Abbott,001-816-7784x8165,59
U_0669,Diana King DDS,(446)083-8517x993,59
U_0670,Richard Rodriguez,+1-539-128-7884x8699,67
U_0671,Virginia Rose,001-290-457-9271x47246,53
U_0672,Robert Hensley,+1-864-242-3839x728,64
U_0673,Keith Garcia,870-629-3288,31
U_0674,Michelle Hawkins,221.010.2320,45
U_0675,Michael Cruz,(610)089-8761x08143,46
U_0676,Robert Roberts,001-384-531-9807x4682,32
U_0677,Eric Cline,001-510-030-7620,44
U_0678,Robert Harding,001-967-150-0666x6411,39
U_0679,Matthew Hendricks,113-407-8516x9949,70
U_0680,Joseph Smith,001-836-683-4826x89996,47
U_0681,Lawrence Glover,386.888.9178x79150,43
U_0682,Kevin White,197.609.3201x265,44
U_0683,Victor Boyd,+1-260-418-0952,64
U_0684,Rachel Ward,517.774.1274x69211,24
U_0685,Rebecca Newman,(419)962-6422,38
U_0686,Tommy Cook,001-170-454-2185,45
U_0687,Jacqueline Bass,5682092257,38
U_0688,Michelle Smith,001-016-356-4072x3247,60
U_0689,Kathy Calhoun DDS,001-400-178-8224x7312,34
U_0690,Andrea David DDS,001-507-105-8011x95092,41
U_0691,Stacey Rodriguez,+1-152-610-5370x92300,27
U_0692,Robert Wheeler,+1-007-418-9485x43298,61
U_0693,Kevin Berry,(529)447-1619x82734,48
U_0694,Angela Winters,001-104-502-5896x3217,22
U_0695,Cindy Keith,001-574-835-2680x6486,23
U_0696,Jeffrey Lee,+1-344-883-8425,23
U_0697,Janet Jarvis,+1-462-805-5077x4065,23
U_0698,George Miller,(239)209-0855x1074,45
U_0699,Mary Greene,111.786.1902,24
U_0700,Edward Dunlap,+1-602-206-9535x41201,65
U_0701,Catherine Santana,001-500-260-1515,65
U_0702,Nathan White,(947)950-7407x173,41
U_0703,Julie Pierce,(950)310-0649x340,69
U_0704,Steven Wilson,520-360-8941x184,26
U_0705,Susan Moses,+1-599-285-5359x5205,53
U_0706,Andrew Russell,990.069.6801x8677,21
U_0707,Richard Woodard,842.339.4495x3006,55
U_0708,James Charles Jr.,032-501-7365x42624,53
U_0709,Joshua White,2923345110,53
U_0710,Amanda Williams,(053)088-6843x02116,39
U_0711,Daniel Taylor,4575988759,60
U_0712,Anita Watkins,001-642-603-3620,25
U_0713,Brenda Wood,214.770.9207x11523,44
U_0714,Krista White,(219)215-8189x70591,40
U_0715,Raymond Gordon,855.881.9597,60
U_0716,Julie Padilla,688-005-3789,66
U_0717,Andrea Werner,+1-289-728-4540x182,45
U_0718,Paul Martin,2839482322,64
U_0719,Brandon Ramirez,328-116-5993x020,21
U_0720,Mark Irwin,232-277-5213x530,36
U_0721,Olivia Gordon,(506)463-0059x37775,56
U_0722,Kevin Carr,210.291.6174,37
U_0723,Lawrence Valencia,(983)104-3841,40
U_0724,Jenna Hernandez,316-708-0568,24
U_0725,Tracy Butler,(706)362-1986x5504,54
U_0726,Peggy Logan,076-634-9339x6504,50
U_0727,Jamie Chavez,(262)611-4243,31
U_0728,Mary Gillespie,001-585-421-8808x7991,27
U_0729,Tara Hernandez,419.964.3385,60
U_0730,Stacy Cortez,725-058-3334x3031,48
U_0731,Ruben Charles,760.545.7694x75769,32
U_0732,Michelle Mooney,001-535-365-9746x6986,24
U_0733,Amy Clark,212-545-0809x594,40
U_0734,Robin Lopez,(925)596-6472x1307,53
U_0735,Desiree Allen,001-914-261-4048x93326,41
U_0736,Elizabeth Stewart,307-963-7310x0817,25
U_0737,Samantha Gillespie,(115)871-8452,66
U_0738,Robert Barrett,001-268-744-7017x3208,35
U_0739,Glenn Harmon,(377)729-6656,54
U_0740,John Rodriguez,0527810558,32
U_0741,Amber Johnson,(722)142-5731,69
U_0742,Larry Perez,001-136-817-2031,45
U_0743,Marcus Bell,(862)092-9735,53
U_0744,James Gilbert,+1-332-227-3938x99204,67
U_0745,John Steele,532.366.1850,70
U_0746,Brandon Williams,082.697.1823x601,57
U_0747,Caleb Sanders,(838)821-7648x467,57
U_0748,Jeremy Baker,(332)228-0194,61
U_0749,Christian Castro,+1-922-256-0629x53506,59
U_0750,Steven Tyler,311.804.6741x3075,53
U_0751,Justin Torres,852-013-6260,19
U_0752,Donna Ross,001-756-154-7055,56
U_0753,Benjamin Thompson,+1-151-641-1955x6409,60
U_0754,Anna Le,001-395-787-5207,62
U_0755,Roberta Smith,(620)197-1212,35
U_0756,Todd Duncan,001-696-789-7609x87312,19
U_0757,Steven Hall,+1-227-607-5988x978,29
U_0758,David Walsh,943.191.6543,35
U_0759,Jose Hardy,001-523-120-2191,62
U_0760,Alexander Bailey,(449)747-0002x6876,66
U_0761,Joshua Farmer,649.797.4163x6560,37
U_0762,Gary Johnson,553.730.9649,39
U_0763,Cody Marshall,195-296-3530,40
U_0764,Linda Ball,(551)282-7636,18
U_0765,William Castaneda,+1-489-895-9654x663,29
U_0766,Gary Green,344-149-1699x9393,27
U_0767,Theresa Green,001-743-946-4088,54
U_0768,Danny Watkins,629.739.8894x13210,60
U_0769,Dr. Jill Brown MD,075.485.3465x5792,43
U_0770,Beth Sanchez,4496461293,22
U_0771,Samantha Thomas,001-512-137-5658x9635,27
U_0772,Lori Franco,8619931458,65
U_0773,David Murphy,(311)388-5034x2362,58
U_0774,Natalie Johnson,347.424.6310,19
U_0775,Matthew Klein,(868)008-5294x69021,23
U_0776,Valerie Kim,174-304-3502x3850,65
U_0777,Robert Lynch,665-275-2332x829,51
U_0778,Alexandra Smith,691-330-3033x46771,31
U_0779,Barbara Santana,507.627.9955x302,42
U_0780,Jacob Brown,(398)472-3034,44
U_0781,Tiffany Anderson,(847)190-1722,47
U_0782,Brandi Williams,(076)487-1775x461,39
U_0783,Sandra Walls,(406)583-8727,28
U_0784,Gina Brennan,225-909-5668,41
U_0785,David Hunter,001-237-337-9121x2110,37
U_0786,Jimmy Palmer,586.901.7074,64
U_0787,Rebecca Cantu,+1-251-999-4529x517,38
U_0788,Christopher Whitehead,(433)872-2054x2216,67
U_0789,Michael Cohen,963-308-3344x470,54
U_0790,Ryan Porter,+1-950-470-2059x685,56
U_0791,Ralph Edwards,+1-774-926-6329x56342,23
U_0792,Jonathan Flores,(259)206-1658,21
U_0793,Robert Anderson,+1-592-294-1156x3029,27
U_0794,Peter Haynes,(363)726-2942x0661,28
U_0795,David Robertson,+1-851-331-3800x4983,66
U_0796,Brooke Fuentes,221-215-4815,57
U_0797,Sheila Stephens,+1-764-019-1854,21
U_0798,Amy Parker,200-629-8778x7358,61
U_0799,Norman Hughes,(464)196-2342x1926,23
U_0800,Cassidy Lee,4104294831,35
U_0801,John Dixon,001-117-972-6999,46
U_0802,Diamond Vazquez,283-180-0366,60
U_0803,Omar Mcgee,001-000-532-8538x631,45
U_0804,Mark Nguyen,(438)380-5826,49
U_0805,Lisa Keller,001-900-768-6276,56
U_0806,Shannon Thompson,+1-389-633-7618,46
U_0807,Brian Welch,+1-626-713-6841,44
U_0808,Benjamin Moore,233.921.8835x27918,35
U_0809,Michael Duran,001-067-761-0659x208,31
U_0810,Selena Li,192.797.6178,66
U_0811,Heather Watkins,001-838-457-2026,50
U_0812,Michael Short,+1-629-591-2573,25
U_0813,Jordan Cunningham,(553)946-0742,40
U_0814,Lisa Wallace,+1-729-669-4179x9670,45
U_0815,Kristen Larson,748-599-4641x8398,25
U_0816,Ashley Murray,785-369-8816x4980,36
U_0817,Eugene Sparks,(860)521-0262,61
U_0818,Amanda Ross,+1-900-824-8458,61
U_0819,Daniel Hawkins,+1-983-057-4883,55
U_0820,Nancy Green,001-185-630-2750x0030,49
U_0821,Michelle Wolf,(199)530-5641x8493,51
U_0822,Veronica Ortega,679-087-0187x2600,60
U_0823,Paul Patterson,001-103-444-4299x067,37
U_0824,Grant Henderson,(524)062-2155x9967,20
U_0825,Timothy Tate,(219)053-3470,32
U_0826,Eric Lester,845-593-9652x1383,43
U_0827,John Miller,(455)312-9003,56
U_0828,Matthew Potts,732-772-6488,21
U_0829,Lisa Peters,001-585-229-4252x516,18
U_0830,Jonathan Burns,+1-171-050-8054x914,31
U_0831,Eric Ruiz,001-535-247-8417x15949,37
U_0832,David Boone,+1-305-378-8033x183,31
U_0833,Shane Jones,389.260.8788,67
U_0834,Robin Hawkins,(278)730-4862x515,26
U_0835,Jeremy Torres,353-780-1891x56734,66
U_0836,James Miller,762.969.1433x6299,34
U_0837,Stacy Soto,(450)999-9001x08985,36
U_0838,Kenneth Schmidt,521.189.6844,38
U_0839,Edward Hill,849.979.5728x57595,25
U_0840,Beth Holmes,902-217-9789,18
U_0841,Mary Welch,248-839-7170,49
U_0842,Nicole Rice,514-367-2868x112,65
U_0843,Margaret Clark,568.119.3978x14590,45
U_0844,Alison Norton,+1-921-779-0552x86693,29
U_0845,Richard Davis,+1-588-070-5326x01193,26
U_0846,Angela Wright,+1-297-425-5136,42
U_0847,Anthony Schmidt,+1-181-045-0243,52
U_0848,Christine Jones,873-662-7135x89693,63
U_0849,David Montgomery,001-058-561-5473x156,32
U_0850,Cynthia Freeman,(551)164-3690,50
U_0851,Sara Bartlett,727.028.9666x0534,53
U_0852,Bradley Aguirre,161-019-7535x846,60
U_0853,Amanda Brooks,038-802-7304,69
U_0854,Jason Henderson,144.471.8939x53096,40
U_0855,Amanda Simpson,909-228-8498x745,22
U_0856,Heather Foley,587.271.7430,43
U_0857,Jessica Tran,+1-116-403-4398,65
U_0858,Stephanie Hunter,877.583.3364,20
U_0859,Joanna Calderon,309-091-5386,45
U_0860,Charlotte Anderson,(542)041-2319,19
U_0861,Matthew Cole,(044)100-7941,47
U_0862,Caitlin Watson,001-381-097-9412x24870,22
U_0863,Nancy Wells,001-649-632-2517x4224,38
U_0864,Ronnie Benson,+1-326-118-9003x46861,54
U_0865,Cindy Wells,(867)202-0095,45
U_0866,Cynthia Barry,(219)536-8900x57795,54
U_0867,Brendan Sanchez,900-739-7130x72211,43
U_0868,Robert Knight,001-871-672-2104x5461,63
U_0869,Mrs. Carol Morton DVM,074.436.0234x4225,58
U_0870,Matthew Smith,239-412-0944x77269,44
U_0871,Michael Fisher,+1-551-327-6179x4802,36
U_0872,Gregory Holt,001-851-602-1191,25
U_0873,Timothy Perkins,268-649-8647,43
U_0874,Raven Odonnell,623.760.0884x47408,19
U_0875,Jessica Sandoval,919-074-9921,38
U_0876,Andrew Powell,001-836-923-5348x4864,28
U_0877,Trevor Gordon,398-654-6220,69
U_0878,Zachary Gonzalez,001-720-550-3300x0088,57
U_0879,Ricky Manning,(739)190-0889x9114,47
U_0880,Robert Johnson,692-327-3798,62
U_0881,Laura Stevens,001-906-085-4818x674,41
U_0882,Andrew Johnson,+1-984-336-1137x118,23
U_0883,Emily Bates,+1-545-829-4203,45
U_0884,Renee Ortega,535-346-6075,24
U_0885,Kenneth Harper,946-672-0108x2402,33
U_0886,Kimberly Davis,223.879.4026x20858,45
U_0887,Kathleen Barker,(735)364-2357,55
U_0888,Edward Moore,828-518-1612,43
U_0889,Vanessa Reed,4610079230,51
U_0890,Jason Brown,(838)271-0123,23
U_0891,Mrs. Nancy Schaefer,(151)204-8507x66534,43
U_0892,Nicholas Arellano,227-634-6019x1530,37
U_0893,Nathan Lindsey,472.435.8617,65
U_0894,Ms. Carla Stewart MD,+1-272-670-8666x56224,39
U_0895,Dr. Lisa Ramos,(878)494-7712x90350,32
U_0896,William Rodriguez,489.742.2354x34046,39
U_0897,Nicole Kelley,215-649-5254,67
U_0898,Carolyn Booker,+1-441-119-7388x18273,28
U_0899,Michael Hall,594.882.1884,22
U_0900,Jennifer Johnson,(640)511-0212x5434,50
U_0901,Nicholas Wright,1604986037,58
U_0902,Micheal May,600.320.3197x89990,25
U_0903,Robert Johnson,3471317197,51
U_0904,Kristen Williams,001-162-590-8419x4785,50
U_0905,Tammy Fuller,375-358-2107,30
U_0906,Kristin Lowe,807.279.0371x616,67
U_0907,Michael Rodriguez,+1-722-399-6477x183,40
U_0908,Dr. Andrew Johns,+1-102-480-8557,40
U_0909,Kathryn Smith,+1-443-236-2216x9069,64
U_0910,Janet Gomez,467.067.5169x139,70
U_0911,Suzanne Diaz,001-215-016-4261x0703,59
U_0912,Anthony Everett,+1-842-431-9839x2484,70
U_0913,Connie Smith,691-053-0215,27
U_0914,Jamie Cortez,001-864-633-9534x81105,33
U_0915,Bryan Juarez,642.789.6157x3855,24
U_0916,Suzanne Rodriguez,+1-177-512-3959,27
U_0917,Mr. Jack Moore PhD,+1-097-236-0244x6546,34
U_0918,Julie Johnson,710-730-8715,30
U_0919,Dennis Pearson,+1-370-317-5438,29
U_0920,Cody Ramos,485-726-0292,56
U_0921,Randy Foster,627.288.4076x64207,27
U_0922,Jamie Clark,135.386.7625x9238,66
U_0923,Jonathan Alvarez,6048869320,66
U_0924,Penny Waters,050-892-7396x159,59
U_0925,Jessica Scott,5356707897,22
U_0926,Mr. David Graham Jr.,001-038-422-7362x732,29
U_0927,Christopher Acevedo,(711)175-7691,67
U_0928,Ashley Martin,001-429-851-4486x98305,58
U_0929,Brian Coleman,001-039-220-2698,49
U_0930,Zachary Zamora,(647)106-8017,47
U_0931,Stephen Smith,163.705.0049,66
U_0932,Cody Conley,(446)931-7294,54
U_0933,Jessica Allen,+1-083-906-5402,66
U_0934,Lisa Salazar,+1-519-393-2727,55
U_0935,Scott Moore,001-163-504-9602,46
U_0936,Michelle Chavez,+1-527-284-5397x4995,61
U_0937,Nathan Wagner,+1-640-675-6020,54
U_0938,Mary Nielsen,001-290-221-5439,59
U_0939,David Armstrong,9322533320,58
U_0940,Dana Jones,(555)019-3545,57
U_0941,Melanie Johnson,(988)843-9333x2436,38
U_0942,Leslie Anderson,+1-059-831-2441,58
U_0943,Kevin Wallace,965-999-2012x37631,38
U_0944,Mr. Jacob Moore,6294193759,27
U_0945,Mrs. Brandi Foster,317-536-2647,46
U_0946,Michael Romero,(461)209-6173x0099,22
U_0947,Patrick Patel,524-032-1153x550,48
U_0948,Devin Cortez,(191)430-8779,46
U_0949,Charles Owens,(542)218-8345,58
U_0950,Kimberly Rodriguez,(048)770-6769,37
U_0951,Daniel Young,(998)651-5902,68
U_0952,Mitchell Wade,(408)585-8838x25672,35
U_0953,Christopher Singh,672-925-4355x196,55
U_0954,Christopher White,(018)256-2472x863,21
U_0955,Darlene White,1223414992,40
U_0956,Rachel Jacobs,+1-662-702-6604x5095,50
U_0957,Cody Woods,003-910-1933x5389,22
U_0958,Christopher Huff,193-600-6082,37
U_0959,Matthew Flores,616-076-2643x850,47
U_0960,Gabriel Ford,461.762.3133,46
U_0961,Ashley Day,+1-441-642-3165x441,20
U_0962,Christina White,685.760.6349x4290,21
U_0963,Sheryl Lamb,551.887.0179x9932,41
U_0964,Clayton Khan,837-444-1723x4565,36
U_0965,Kathryn Price,790-254-8536x268,22
U_0966,Diana Mcdonald,864.100.9538,59
U_0967,Lori Edwards,001-421-643-5990x0937,23
U_0968,Deborah Simmons,761-437-8844x3706,57
U_0969,Angela Goodwin,+1-564-672-6368x1541,56
U_0970,Rose Francis,001-002-772-9108,50
U_0971,Andrew Gibson,+1-604-356-6050,42
U_0972,David Adams,(983)306-7730x67182,47
U_0973,Clifford Jenkins,941.908.7886x5385,55
U_0974,Rhonda Williams,396.342.8987x6055,53
U_0975,Sarah Walsh,001-221-704-8618,68
U_0976,Melanie Ramos,(632)016-2907x39928,65
U_0977,Angela Carney,+1-271-826-5337,20
U_0978,Omar Weeks,+1-649-426-9420,46
U_0979,Michael Nichols,+1-313-549-0145x99670,69
U_0980,Linda Brown MD,+1-730-549-8243,54
U_0981,Kayla Parsons,+1-302-178-1678x06643,59
U_0982,Hailey Brewer,001-016-492-8150,30
U_0983,Jerry Williams,092.640.7030x8808,38
U_0984,Sharon Trevino,262.829.6824x485,56
U_0985,Amanda Jefferson,288.959.2741x168,48
U_0986,Timothy Jennings,001-961-276-6208x0820,50
U_0987,Bryan Brown,001-263-444-3596x24587,27
U_0988,Angela Smith,001-424-253-6909x1237,21
U_0989,Adam Arnold,976-039-6702x436,46
U_0990,Ryan Vance,055-364-8187x5403,24
U_0991,Samantha Nelson,821.597.7385x46623,69
U_0992,Crystal Johnson,(799)864-9125x9497,39
U_0993,Savannah Estrada,(204)298-6226,63
U_0994,Betty Reyes,(179)962-3569x9929,23
U_0995,Lindsey Bean,+1-335-876-8877,50
U_0996,Cody Hendricks,(041)348-2084x93153,59
U_0997,Nichole Cherry,+1-122-600-0144x076,29
U_0998,Luis Burgess,430-491-3410,20
U_0999,Robert Simpson,(872)099-8656,33
U_1000,Patrick Estrada,001-240-592-0823x530,63
